"Distribution x_1","Distribution x_2","DGP","Model","Effect Size Scenario","Transition","Model Type","Coefficient (true)","Coefficient (mean)","Coefficient (lower)","Coefficient (upper)","Bias (mean)","Bias (lower)","Bias (upper)","Coverage (mean)","Coverage (lower)","Coverage (upper)"
"Bernoulli(0.5)","Bernoulli(0.5)","MTS DGP","MTS PAM","Large","Onset","$x_1$-only Model",0.6,0.5766394,0.4924375,0.6520675,-0.0233606,-0.1075625,0.0520675,0.916,0.888151698754588,0.938790941391652
"Bernoulli(0.5)","Bernoulli(0.5)","MTS DGP","MTS PAM","Large","Onset","Full Model",0.6,0.6004464,0.51898,0.6806675,0.000446400000000022,-0.08102,0.0806675,0.954,0.931774572118762,0.970619824607597
"Bernoulli(0.5)","Bernoulli(0.5)","MTS DGP","MTS PAM","Large","Progression","$x_1$-only Model",0.6,0.5625228,0.4289,0.70007,-0.0374772,-0.1711,0.10007,0.886,0.854831533401039,0.91250509712003
"Bernoulli(0.5)","Bernoulli(0.5)","MTS DGP","MTS PAM","Large","Progression","Full Model",0.6,0.5961512,0.4815275,0.72192,-0.00384879999999998,-0.1184725,0.12192,0.97,0.951001774291181,0.983114015796127
"Bernoulli(0.5)","Bernoulli(0.5)","MTS DGP","MTS PAM","Large","Progression Interaction","$x_1$-only Model",0,-0.0141168,-0.16921,0.14939,-0.0141168,-0.16921,0.14939,0.926,0.89944112525353,0.947364891451005
"Bernoulli(0.5)","Bernoulli(0.5)","MTS DGP","MTS PAM","Large","Progression Interaction","Full Model",0,-0.0042966,-0.1523575,0.1506625,-0.0042966,-0.1523575,0.1506625,0.954,0.931774572118762,0.970619824607597
"Bernoulli(0.5)","Bernoulli(0.5)","MTS DGP","MTS PAM","Medium","Onset","$x_1$-only Model",0.4,0.3945218,0.3127975,0.4781625,-0.00547820000000002,-0.0872025,0.0781625,0.958,0.936513059467081,0.973816423223853
"Bernoulli(0.5)","Bernoulli(0.5)","MTS DGP","MTS PAM","Medium","Onset","Full Model",0.4,0.4040252,0.31985,0.4869575,0.00402519999999998,-0.08015,0.0869575,0.958,0.936513059467081,0.973816423223853
"Bernoulli(0.5)","Bernoulli(0.5)","MTS DGP","MTS PAM","Medium","Progression","$x_1$-only Model",0.4,0.3825472,0.2770925,0.48917,-0.0174528,-0.1229075,0.0891699999999998,0.956,0.934138999676405,0.972223232714428
"Bernoulli(0.5)","Bernoulli(0.5)","MTS DGP","MTS PAM","Medium","Progression","Full Model",0.4,0.3969494,0.300195,0.50143,-0.00305060000000002,-0.099805,0.10143,0.964,0.943699823798209,0.978527143413907
"Bernoulli(0.5)","Bernoulli(0.5)","MTS DGP","MTS PAM","Medium","Progression Interaction","$x_1$-only Model",0,-0.0119756,-0.1396625,0.1207475,-0.0119756,-0.1396625,0.1207475,0.966,0.946119649263923,0.980071399953794
"Bernoulli(0.5)","Bernoulli(0.5)","MTS DGP","MTS PAM","Medium","Progression Interaction","Full Model",0,-0.0070748,-0.149005,0.1421325,-0.0070748,-0.149005,0.1421325,0.946,0.922402531505063,0.964115740278066
"Bernoulli(0.5)","Bernoulli(0.5)","MTS DGP","MTS PAM","Small","Onset","$x_1$-only Model",0.2,0.1984226,0.11527,0.2837,-0.00157740000000001,-0.08473,0.0837,0.96,0.938897390611755,0.975398687914455
"Bernoulli(0.5)","Bernoulli(0.5)","MTS DGP","MTS PAM","Small","Onset","Full Model",0.2,0.200511,0.1150325,0.27982,0.000510999999999989,-0.0849675,0.07982,0.968,0.948553231708354,0.98160081467636
"Bernoulli(0.5)","Bernoulli(0.5)","MTS DGP","MTS PAM","Small","Progression","$x_1$-only Model",0.2,0.2043222,0.0791475,0.341475,0.00432219999999999,-0.1208525,0.141475,0.944,0.92007869939564,0.962469555524978
"Bernoulli(0.5)","Bernoulli(0.5)","MTS DGP","MTS PAM","Small","Progression","Full Model",0.2,0.1989606,0.0649175,0.33231,-0.00103940000000001,-0.1350825,0.13231,0.932,0.906270353192629,0.952451753367345
"Bernoulli(0.5)","Bernoulli(0.5)","MTS DGP","MTS PAM","Small","Progression Interaction","$x_1$-only Model",0,0.005899,-0.1481375,0.1575125,0.005899,-0.1481375,0.1575125,0.952,0.92941920374267,0.969006831206495
"Bernoulli(0.5)","Bernoulli(0.5)","MTS DGP","MTS PAM","Small","Progression Interaction","Full Model",0,-0.001552,-0.157735,0.151475,-0.001552,-0.157735,0.151475,0.946,0.922402531505063,0.964115740278066
"Bernoulli(0.5)","Bernoulli(0.5)","MTS DGP","MTS PAM",NA,"Onset","$x_1$-only Model",1,0.7042956,0.4261225,0.94412,-0.0623710666666667,-0.171305,0.0494575,0.612,0.586806835253556,0.636753675529379
"Bernoulli(0.5)","Bernoulli(0.5)","MTS DGP","MTS PAM",NA,"Onset","Full Model",1,0.764100933333333,0.4350475,1.0595625,-0.00256573333333335,-0.08301,0.0788299999999998,0.945333333333333,0.93259579336497,0.95628910363771
"Bernoulli(0.5)","Bernoulli(0.5)","MTS DGP","MTS PAM",NA,"Progression","$x_1$-only Model",1,0.6462174,0.395195,0.86693,-0.120449266666667,-0.2801575,0.0574824999999998,0.412,0.386951629804513,0.437393623536345
"Bernoulli(0.5)","Bernoulli(0.5)","MTS DGP","MTS PAM",NA,"Progression","Full Model",1,0.7635734,0.4220325,1.0811675,-0.00309326666666668,-0.1087525,0.0996524999999999,0.953333333333333,0.9414045594734,0.963443309946381
"Bernoulli(0.5)","Bernoulli(0.5)","MTS DGP","MTS PAM",NA,"Progression Interaction","$x_1$-only Model",0,-0.0580780666666667,-0.195325,0.0966824999999998,-0.0580780666666667,-0.195325,0.0966824999999998,0.825333333333333,0.805154417572161,0.844229380096435
"Bernoulli(0.5)","Bernoulli(0.5)","MTS DGP","MTS PAM",NA,"Progression Interaction","Full Model",0,-0.0005278,-0.1322525,0.1335625,-0.0005278,-0.1322525,0.1335625,0.951333333333333,0.939195139439147,0.961662119030306
"Bernoulli(0.5)","Bernoulli(0.5)","MTS DGP","STSS PAM","Large","Onset","$x_1$-only Model",0.6,0.5774044,0.495505,0.6545725,-0.0225956,-0.104495,0.0545725,0.92,0.892654535643648,0.942233880071166
"Bernoulli(0.5)","Bernoulli(0.5)","MTS DGP","STSS PAM","Large","Onset","Full Model",0.6,0.5996478,0.5225125,0.693385,-0.000352199999999978,-0.0774875,0.0933849999999999,0.946,0.922402531505063,0.964115740278066
"Bernoulli(0.5)","Bernoulli(0.5)","MTS DGP","STSS PAM","Large","Progression","$x_1$-only Model",0.6,0.5624496,0.43049,0.6911525,-0.0375504,-0.16951,0.0911524999999999,0.894,0.863647973514209,0.919585339579863
"Bernoulli(0.5)","Bernoulli(0.5)","MTS DGP","STSS PAM","Large","Progression","Full Model",0.6,0.605492,0.4771025,0.73426,0.00549200000000002,-0.1228975,0.13426,0.95,0.927072378349521,0.96738481985067
"Bernoulli(0.5)","Bernoulli(0.5)","MTS DGP","STSS PAM","Large","Progression Interaction","$x_1$-only Model",0,-0.014959,-0.15937,0.13411,-0.014959,-0.15937,0.13411,0.948,0.924733628969378,0.965754301917232
"Bernoulli(0.5)","Bernoulli(0.5)","MTS DGP","STSS PAM","Large","Progression Interaction","Full Model",0,0.005842,-0.15014,0.154525,0.005842,-0.15014,0.154525,0.95,0.927072378349521,0.96738481985067
"Bernoulli(0.5)","Bernoulli(0.5)","MTS DGP","STSS PAM","Medium","Onset","$x_1$-only Model",0.4,0.388306,0.3078025,0.473725,-0.011694,-0.0921975,0.073725,0.954,0.931774572118762,0.970619824607597
"Bernoulli(0.5)","Bernoulli(0.5)","MTS DGP","STSS PAM","Medium","Onset","Full Model",0.4,0.3981962,0.310885,0.4806575,-0.00180380000000002,-0.089115,0.0806575,0.954,0.931774572118762,0.970619824607597
"Bernoulli(0.5)","Bernoulli(0.5)","MTS DGP","STSS PAM","Medium","Progression","$x_1$-only Model",0.4,0.3892068,0.27535,0.4959575,-0.0107932,-0.12465,0.0959574999999999,0.946,0.922402531505063,0.964115740278066
"Bernoulli(0.5)","Bernoulli(0.5)","MTS DGP","STSS PAM","Medium","Progression","Full Model",0.4,0.3984912,0.27715,0.5199925,-0.00150880000000002,-0.12285,0.1199925,0.934,0.908557101389134,0.954136642889412
"Bernoulli(0.5)","Bernoulli(0.5)","MTS DGP","STSS PAM","Medium","Progression Interaction","$x_1$-only Model",0,0.0009004,-0.1344675,0.13513,0.0009004,-0.1344675,0.13513,0.962,0.941292709536771,0.976969229193752
"Bernoulli(0.5)","Bernoulli(0.5)","MTS DGP","STSS PAM","Medium","Progression Interaction","Full Model",0,0.0002948,-0.13232,0.1379725,0.0002948,-0.13232,0.1379725,0.96,0.938897390611755,0.975398687914455
"Bernoulli(0.5)","Bernoulli(0.5)","MTS DGP","STSS PAM","Small","Onset","$x_1$-only Model",0.2,0.1988996,0.1055925,0.2881625,-0.00110040000000001,-0.0944075,0.0881625,0.948,0.924733628969378,0.965754301917232
"Bernoulli(0.5)","Bernoulli(0.5)","MTS DGP","STSS PAM","Small","Onset","Full Model",0.2,0.2040342,0.1063625,0.2984675,0.00403419999999999,-0.0936375,0.0984675,0.94,0.9154514462924,0.959155818237223
"Bernoulli(0.5)","Bernoulli(0.5)","MTS DGP","STSS PAM","Small","Progression","$x_1$-only Model",0.2,0.1972778,0.069255,0.3202325,-0.00272220000000001,-0.130745,0.1202325,0.944,0.92007869939564,0.962469555524978
"Bernoulli(0.5)","Bernoulli(0.5)","MTS DGP","STSS PAM","Small","Progression","Full Model",0.2,0.1996346,0.0779225,0.315915,-0.000365400000000011,-0.1220775,0.115915,0.962,0.941292709536771,0.976969229193752
"Bernoulli(0.5)","Bernoulli(0.5)","MTS DGP","STSS PAM","Small","Progression Interaction","$x_1$-only Model",0,-0.0016232,-0.1395175,0.1571,-0.0016232,-0.1395175,0.1571,0.95,0.927072378349521,0.96738481985067
"Bernoulli(0.5)","Bernoulli(0.5)","MTS DGP","STSS PAM","Small","Progression Interaction","Full Model",0,-0.0043984,-0.1651425,0.152805,-0.0043984,-0.1651425,0.152805,0.944,0.92007869939564,0.962469555524978
"Bernoulli(0.5)","Bernoulli(0.5)","MTS DGP","STSS PAM",NA,"Onset","$x_1$-only Model",1,0.701875066666667,0.4230175,0.935305,-0.0647916,-0.1780525,0.0557649999999997,0.582666666666667,0.557236839952094,0.607772174918614
"Bernoulli(0.5)","Bernoulli(0.5)","MTS DGP","STSS PAM",NA,"Onset","Full Model",1,0.766073333333333,0.4359475,1.0550875,-0.000593333333333349,-0.0850525000000001,0.0833525,0.932666666666667,0.918783419827774,0.944824565146166
"Bernoulli(0.5)","Bernoulli(0.5)","MTS DGP","STSS PAM",NA,"Progression","$x_1$-only Model",1,0.644760733333333,0.3896075,0.868315,-0.121905933333333,-0.2865675,0.053205,0.408,0.382996460360052,0.433364495545376
"Bernoulli(0.5)","Bernoulli(0.5)","MTS DGP","STSS PAM",NA,"Progression","Full Model",1,0.7625188,0.4216925,1.0822825,-0.00414786666666668,-0.1097525,0.0993575,0.954666666666667,0.942880432043186,0.964627787627074
"Bernoulli(0.5)","Bernoulli(0.5)","MTS DGP","STSS PAM",NA,"Progression Interaction","$x_1$-only Model",0,-0.0571148,-0.1940525,0.0879,-0.0571148,-0.1940525,0.0879,0.844666666666667,0.825330684907029,0.862642100985533
"Bernoulli(0.5)","Bernoulli(0.5)","MTS DGP","STSS PAM",NA,"Progression Interaction","Full Model",0,-0.00355353333333333,-0.132845,0.138545,-0.00355353333333333,-0.132845,0.138545,0.949333333333333,0.936990717693949,0.959875836039791
"Bernoulli(0.5)","Bernoulli(0.5)","STSS DGP","MTS PAM","Large","Onset","$x_1$-only Model",0.6,0.5793926,0.4994475,0.656905,-0.0206074,-0.1005525,0.0569050000000001,0.934,0.908557101389134,0.954136642889412
"Bernoulli(0.5)","Bernoulli(0.5)","STSS DGP","MTS PAM","Large","Onset","Full Model",0.6,0.6011014,0.5175975,0.68137,0.00110140000000002,-0.0824025,0.0813699999999999,0.948,0.924733628969378,0.965754301917232
"Bernoulli(0.5)","Bernoulli(0.5)","STSS DGP","MTS PAM","Large","Progression","$x_1$-only Model",0.6,0.6017676,0.39709,0.802305,0.00176760000000002,-0.20291,0.202305,0.934,0.908557101389134,0.954136642889412
"Bernoulli(0.5)","Bernoulli(0.5)","STSS DGP","MTS PAM","Large","Progression","Full Model",0.6,0.640576,0.4463125,0.8455025,0.040576,-0.1536875,0.2455025,0.916,0.888151698754588,0.938790941391652
"Bernoulli(0.5)","Bernoulli(0.5)","STSS DGP","MTS PAM","Large","Progression Interaction","$x_1$-only Model",0,0.0223738,-0.1943525,0.239845,0.0223738,-0.1943525,0.239845,0.924,0.897174417885006,0.945659218756088
"Bernoulli(0.5)","Bernoulli(0.5)","STSS DGP","MTS PAM","Large","Progression Interaction","Full Model",0,0.0394732,-0.1699575,0.266555,0.0394732,-0.1699575,0.266555,0.934,0.908557101389134,0.954136642889412
"Bernoulli(0.5)","Bernoulli(0.5)","STSS DGP","MTS PAM","Medium","Onset","$x_1$-only Model",0.4,0.3969272,0.3109075,0.486275,-0.00307280000000002,-0.0890925,0.0862749999999999,0.946,0.922402531505063,0.964115740278066
"Bernoulli(0.5)","Bernoulli(0.5)","STSS DGP","MTS PAM","Medium","Onset","Full Model",0.4,0.4014818,0.3109425,0.4994,0.00148179999999998,-0.0890575,0.0994,0.928,0.901712562663143,0.949065666874867
"Bernoulli(0.5)","Bernoulli(0.5)","STSS DGP","MTS PAM","Medium","Progression","$x_1$-only Model",0.4,0.4201694,0.2571075,0.594605,0.0201694,-0.1428925,0.194605,0.914,0.885906330653944,0.937063233433813
"Bernoulli(0.5)","Bernoulli(0.5)","STSS DGP","MTS PAM","Medium","Progression","Full Model",0.4,0.4296194,0.2765975,0.601125,0.0296194,-0.1234025,0.201125,0.912,0.883664829336834,0.935331542458942
"Bernoulli(0.5)","Bernoulli(0.5)","STSS DGP","MTS PAM","Medium","Progression Interaction","$x_1$-only Model",0,0.0232416,-0.1658725,0.214785,0.0232416,-0.1658725,0.214785,0.922,0.894912273569934,0.94394882622444
"Bernoulli(0.5)","Bernoulli(0.5)","STSS DGP","MTS PAM","Medium","Progression Interaction","Full Model",0,0.028137,-0.1483725,0.2107125,0.028137,-0.1483725,0.2107125,0.93,0.903988908407367,0.950761355279621
"Bernoulli(0.5)","Bernoulli(0.5)","STSS DGP","MTS PAM","Small","Onset","$x_1$-only Model",0.2,0.1982332,0.1065825,0.28094,-0.00176680000000001,-0.0934175,0.08094,0.96,0.938897390611755,0.975398687914455
"Bernoulli(0.5)","Bernoulli(0.5)","STSS DGP","MTS PAM","Small","Onset","Full Model",0.2,0.2002776,0.1160225,0.2865275,0.000277599999999989,-0.0839775,0.0865274999999999,0.956,0.934138999676405,0.972223232714428
"Bernoulli(0.5)","Bernoulli(0.5)","STSS DGP","MTS PAM","Small","Progression","$x_1$-only Model",0.2,0.2176746,0.01818,0.3973975,0.0176746,-0.18182,0.1973975,0.932,0.906270353192629,0.952451753367345
"Bernoulli(0.5)","Bernoulli(0.5)","STSS DGP","MTS PAM","Small","Progression","Full Model",0.2,0.2122556,0.0141025,0.39783,0.0122556,-0.1858975,0.19783,0.904,0.874735253436669,0.928367306024659
"Bernoulli(0.5)","Bernoulli(0.5)","STSS DGP","MTS PAM","Small","Progression Interaction","$x_1$-only Model",0,0.0194402,-0.1881825,0.2337175,0.0194402,-0.1881825,0.2337175,0.93,0.903988908407367,0.950761355279621
"Bernoulli(0.5)","Bernoulli(0.5)","STSS DGP","MTS PAM","Small","Progression Interaction","Full Model",0,0.0119784,-0.186655,0.2286475,0.0119784,-0.186655,0.2286475,0.928,0.901712562663143,0.949065666874867
"Bernoulli(0.5)","Bernoulli(0.5)","STSS DGP","MTS PAM",NA,"Onset","$x_1$-only Model",1,0.704419933333333,0.4232375,0.9415525,-0.0622467333333333,-0.1715625,0.0517199999999999,0.596666666666667,0.571338305120674,0.621615751030471
"Bernoulli(0.5)","Bernoulli(0.5)","STSS DGP","MTS PAM",NA,"Onset","Full Model",1,0.766187333333333,0.4406,1.0537525,-0.000479333333333349,-0.0821925000000001,0.0804199999999999,0.946,0.933327052683642,0.956888141478602
"Bernoulli(0.5)","Bernoulli(0.5)","STSS DGP","MTS PAM",NA,"Progression","$x_1$-only Model",1,0.727871933333333,0.4031,1.0246575,-0.0387947333333334,-0.21248,0.141635,0.847333333333333,0.828121070965136,0.865174297276233
"Bernoulli(0.5)","Bernoulli(0.5)","STSS DGP","MTS PAM",NA,"Progression","Full Model",1,0.818919266666667,0.4159825,1.20302,0.0522526,-0.1060675,0.2170625,0.848666666666667,0.82951698261269,0.866439673043504
"Bernoulli(0.5)","Bernoulli(0.5)","STSS DGP","MTS PAM",NA,"Progression Interaction","$x_1$-only Model",0,0.0234520666666667,-0.15361,0.1909625,0.0234520666666667,-0.15361,0.1909625,0.926666666666667,0.912287593952416,0.939346463369904
"Bernoulli(0.5)","Bernoulli(0.5)","STSS DGP","MTS PAM",NA,"Progression Interaction","Full Model",0,0.0527308,-0.1385525,0.2255625,0.0527308,-0.1385525,0.2255625,0.865333333333333,0.847008707166808,0.882213803443339
"Bernoulli(0.5)","Bernoulli(0.5)","STSS DGP","STSS PAM","Large","Onset","$x_1$-only Model",0.6,0.5772034,0.5017375,0.655205,-0.0227966,-0.0982625,0.055205,0.912,0.883664829336834,0.935331542458942
"Bernoulli(0.5)","Bernoulli(0.5)","STSS DGP","STSS PAM","Large","Onset","Full Model",0.6,0.6006868,0.5240075,0.680805,0.000686800000000022,-0.0759925,0.080805,0.96,0.938897390611755,0.975398687914455
"Bernoulli(0.5)","Bernoulli(0.5)","STSS DGP","STSS PAM","Large","Progression","$x_1$-only Model",0.6,0.574627,0.3795375,0.7635775,-0.025373,-0.2204625,0.1635775,0.926,0.89944112525353,0.947364891451005
"Bernoulli(0.5)","Bernoulli(0.5)","STSS DGP","STSS PAM","Large","Progression","Full Model",0.6,0.600618,0.4014975,0.800255,0.000618000000000021,-0.1985025,0.200255,0.94,0.9154514462924,0.959155818237223
"Bernoulli(0.5)","Bernoulli(0.5)","STSS DGP","STSS PAM","Large","Progression Interaction","$x_1$-only Model",0,-0.0025766,-0.20622,0.198165,-0.0025766,-0.20622,0.198165,0.946,0.922402531505063,0.964115740278066
"Bernoulli(0.5)","Bernoulli(0.5)","STSS DGP","STSS PAM","Large","Progression Interaction","Full Model",0,-6.58e-05,-0.204815,0.20381,-6.58e-05,-0.204815,0.20381,0.95,0.927072378349521,0.96738481985067
"Bernoulli(0.5)","Bernoulli(0.5)","STSS DGP","STSS PAM","Medium","Onset","$x_1$-only Model",0.4,0.3911524,0.2977375,0.479015,-0.00884760000000002,-0.1022625,0.079015,0.932,0.906270353192629,0.952451753367345
"Bernoulli(0.5)","Bernoulli(0.5)","STSS DGP","STSS PAM","Medium","Onset","Full Model",0.4,0.4004864,0.3180025,0.4848575,0.000486399999999979,-0.0819975,0.0848575,0.958,0.936513059467081,0.973816423223853
"Bernoulli(0.5)","Bernoulli(0.5)","STSS DGP","STSS PAM","Medium","Progression","$x_1$-only Model",0.4,0.3862046,0.2251625,0.539945,-0.0137954,-0.1748375,0.139945,0.936,0.910849372449137,0.955815789053287
"Bernoulli(0.5)","Bernoulli(0.5)","STSS DGP","STSS PAM","Medium","Progression","Full Model",0.4,0.404467,0.2518325,0.55225,0.00446699999999998,-0.1481675,0.15225,0.946,0.922402531505063,0.964115740278066
"Bernoulli(0.5)","Bernoulli(0.5)","STSS DGP","STSS PAM","Medium","Progression Interaction","$x_1$-only Model",0,-0.0049486,-0.2016325,0.1692575,-0.0049486,-0.2016325,0.1692575,0.942,0.917761779106165,0.960816131202812
"Bernoulli(0.5)","Bernoulli(0.5)","STSS DGP","STSS PAM","Medium","Progression Interaction","Full Model",0,0.003982,-0.16874,0.1706525,0.003982,-0.16874,0.1706525,0.954,0.931774572118762,0.970619824607597
"Bernoulli(0.5)","Bernoulli(0.5)","STSS DGP","STSS PAM","Small","Onset","$x_1$-only Model",0.2,0.1980948,0.108665,0.2865525,-0.00190520000000001,-0.091335,0.0865525,0.956,0.934138999676405,0.972223232714428
"Bernoulli(0.5)","Bernoulli(0.5)","STSS DGP","STSS PAM","Small","Onset","Full Model",0.2,0.2006688,0.11109,0.2922675,0.000668799999999989,-0.08891,0.0922675,0.95,0.927072378349521,0.96738481985067
"Bernoulli(0.5)","Bernoulli(0.5)","STSS DGP","STSS PAM","Small","Progression","$x_1$-only Model",0.2,0.2015152,0.0243675,0.3705775,0.00151519999999999,-0.1756325,0.1705775,0.954,0.931774572118762,0.970619824607597
"Bernoulli(0.5)","Bernoulli(0.5)","STSS DGP","STSS PAM","Small","Progression","Full Model",0.2,0.2017004,0.01203,0.381835,0.00170039999999999,-0.18797,0.181835,0.93,0.903988908407367,0.950761355279621
"Bernoulli(0.5)","Bernoulli(0.5)","STSS DGP","STSS PAM","Small","Progression Interaction","$x_1$-only Model",0,0.0034202,-0.1935075,0.1974425,0.0034202,-0.1935075,0.1974425,0.946,0.922402531505063,0.964115740278066
"Bernoulli(0.5)","Bernoulli(0.5)","STSS DGP","STSS PAM","Small","Progression Interaction","Full Model",0,0.0010336,-0.2160325,0.19044,0.0010336,-0.2160325,0.19044,0.946,0.922402531505063,0.964115740278066
"Bernoulli(0.5)","Bernoulli(0.5)","STSS DGP","STSS PAM",NA,"Onset","$x_1$-only Model",1,0.7031496,0.4306475,0.937325,-0.0635170666666667,-0.177705,0.0501149999999999,0.591333333333333,0.565963865156069,0.616344462786159
"Bernoulli(0.5)","Bernoulli(0.5)","STSS DGP","STSS PAM",NA,"Onset","Full Model",1,0.765006733333333,0.432695,1.0555625,-0.00165993333333335,-0.085605,0.0814524999999999,0.944666666666667,0.931865005616502,0.955689586393507
"Bernoulli(0.5)","Bernoulli(0.5)","STSS DGP","STSS PAM",NA,"Progression","$x_1$-only Model",1,0.683006733333333,0.3830825,0.9596525,-0.0836599333333334,-0.246405,0.0812724999999999,0.713333333333333,0.689713491095887,0.736114927761974
"Bernoulli(0.5)","Bernoulli(0.5)","STSS DGP","STSS PAM",NA,"Progression","Full Model",1,0.767026733333333,0.3966475,1.1180025,0.000360066666666652,-0.14132,0.1474675,0.938,0.924581428151059,0.949669729213785
"Bernoulli(0.5)","Bernoulli(0.5)","STSS DGP","STSS PAM",NA,"Progression Interaction","$x_1$-only Model",0,-0.0201433333333333,-0.17898,0.1366675,-0.0201433333333333,-0.17898,0.1366675,0.942,0.928946415216536,0.953286882932482
"Bernoulli(0.5)","Bernoulli(0.5)","STSS DGP","STSS PAM",NA,"Progression Interaction","Full Model",0,0.0020192,-0.1551,0.163115,0.0020192,-0.1551,0.163115,0.945333333333333,0.93259579336497,0.95628910363771
"Bernoulli(0.5)","N(0,1)","MTS DGP","MTS PAM","Large","Onset","$x_1$-only Model",0.6,0.5328612,0.4318225,0.623555,-0.0671388,-0.1681775,0.023555,0.674,0.630974723141846,0.714952705659998
"Bernoulli(0.5)","N(0,1)","MTS DGP","MTS PAM","Large","Onset","Full Model",0.6,0.6004794,0.5186075,0.6942025,0.000479400000000022,-0.0813925,0.0942025,0.952,0.92941920374267,0.969006831206495
"Bernoulli(0.5)","N(0,1)","MTS DGP","MTS PAM","Large","Progression","$x_1$-only Model",0.6,0.4805986,0.3402125,0.6173875,-0.1194014,-0.2597875,0.0173875,0.644,0.600276004517336,0.686009857806374
"Bernoulli(0.5)","N(0,1)","MTS DGP","MTS PAM","Large","Progression","Full Model",0.6,0.5979618,0.4475525,0.72723,-0.00203819999999998,-0.1524475,0.12723,0.958,0.936513059467081,0.973816423223853
"Bernoulli(0.5)","N(0,1)","MTS DGP","MTS PAM","Large","Progression Interaction","$x_1$-only Model",0,-0.0522622,-0.211695,0.10993,-0.0522622,-0.211695,0.10993,0.884,0.852634261875208,0.910728044746141
"Bernoulli(0.5)","N(0,1)","MTS DGP","MTS PAM","Large","Progression Interaction","Full Model",0,-0.002515,-0.1724575,0.1566575,-0.002515,-0.1724575,0.1566575,0.958,0.936513059467081,0.973816423223853
"Bernoulli(0.5)","N(0,1)","MTS DGP","MTS PAM","Medium","Onset","$x_1$-only Model",0.4,0.3788958,0.2901,0.4771425,-0.0211042,-0.1099,0.0771424999999998,0.904,0.874735253436669,0.928367306024659
"Bernoulli(0.5)","N(0,1)","MTS DGP","MTS PAM","Medium","Onset","Full Model",0.4,0.3940564,0.30135,0.486005,-0.00594360000000002,-0.09865,0.086005,0.952,0.92941920374267,0.969006831206495
"Bernoulli(0.5)","N(0,1)","MTS DGP","MTS PAM","Medium","Progression","$x_1$-only Model",0.4,0.3577162,0.2472375,0.47997,-0.0422838,-0.1527625,0.0799699999999999,0.896,0.865859251577519,0.921348064725366
"Bernoulli(0.5)","N(0,1)","MTS DGP","MTS PAM","Medium","Progression","Full Model",0.4,0.4002636,0.2732,0.525105,0.000263599999999978,-0.1268,0.125105,0.944,0.92007869939564,0.962469555524978
"Bernoulli(0.5)","N(0,1)","MTS DGP","MTS PAM","Medium","Progression Interaction","$x_1$-only Model",0,-0.021182,-0.17853,0.1389875,-0.021182,-0.17853,0.1389875,0.938,0.913147402520899,0.957488938703615
"Bernoulli(0.5)","N(0,1)","MTS DGP","MTS PAM","Medium","Progression Interaction","Full Model",0,0.0062038,-0.143025,0.1638675,0.0062038,-0.143025,0.1638675,0.952,0.92941920374267,0.969006831206495
"Bernoulli(0.5)","N(0,1)","MTS DGP","MTS PAM","Small","Onset","$x_1$-only Model",0.2,0.1945412,0.0984475,0.2878725,-0.00545880000000001,-0.1015525,0.0878725,0.952,0.92941920374267,0.969006831206495
"Bernoulli(0.5)","N(0,1)","MTS DGP","MTS PAM","Small","Onset","Full Model",0.2,0.200523,0.09974,0.2913875,0.000522999999999989,-0.10026,0.0913875,0.94,0.9154514462924,0.959155818237223
"Bernoulli(0.5)","N(0,1)","MTS DGP","MTS PAM","Small","Progression","$x_1$-only Model",0.2,0.1947844,0.0722525,0.3179625,-0.00521560000000001,-0.1277475,0.1179625,0.964,0.943699823798209,0.978527143413907
"Bernoulli(0.5)","N(0,1)","MTS DGP","MTS PAM","Small","Progression","Full Model",0.2,0.2012342,0.0701975,0.3409025,0.00123419999999999,-0.1298025,0.1409025,0.944,0.92007869939564,0.962469555524978
"Bernoulli(0.5)","N(0,1)","MTS DGP","MTS PAM","Small","Progression Interaction","$x_1$-only Model",0,0.0002396,-0.1504225,0.1466875,0.0002396,-0.1504225,0.1466875,0.96,0.938897390611755,0.975398687914455
"Bernoulli(0.5)","N(0,1)","MTS DGP","MTS PAM","Small","Progression Interaction","Full Model",0,0.0007146,-0.148545,0.1718825,0.0007146,-0.148545,0.1718825,0.95,0.927072378349521,0.96738481985067
"Bernoulli(0.5)","N(0,1)","MTS DGP","MTS PAM",NA,"Onset","$x_1$-only Model",1,0.622371333333333,0.39287,0.81232,-0.144295333333333,-0.3134525,0.0271525,0.31,0.28665264892191,0.334093606009252
"Bernoulli(0.5)","N(0,1)","MTS DGP","MTS PAM",NA,"Onset","Full Model",1,0.767740866666667,0.4336475,1.0629625,0.00107419999999999,-0.0852050000000001,0.09051,0.952666666666667,0.94066751261291,0.962850164173248
"Bernoulli(0.5)","N(0,1)","MTS DGP","MTS PAM",NA,"Progression","$x_1$-only Model",1,0.4967326,0.330985,0.655,-0.269934066666667,-0.523,0.0082149999999999,0.237333333333333,0.216000855432717,0.259699112514934
"Bernoulli(0.5)","N(0,1)","MTS DGP","MTS PAM",NA,"Progression","Full Model",1,0.765336733333333,0.419295,1.0907225,-0.00132993333333335,-0.1207825,0.1159925,0.950666666666667,0.938459790982175,0.961067242535929
"Bernoulli(0.5)","N(0,1)","MTS DGP","MTS PAM",NA,"Progression Interaction","$x_1$-only Model",0,-0.125638266666667,-0.3077475,0.0634324999999996,-0.125638266666667,-0.3077475,0.0634324999999996,0.568666666666667,0.543156016985858,0.593907942771936
"Bernoulli(0.5)","N(0,1)","MTS DGP","MTS PAM",NA,"Progression Interaction","Full Model",0,-0.00240526666666667,-0.1512975,0.1464675,-0.00240526666666667,-0.1512975,0.1464675,0.953333333333333,0.9414045594734,0.963443309946381
"Bernoulli(0.5)","N(0,1)","MTS DGP","STSS PAM","Large","Onset","$x_1$-only Model",0.6,0.5362024,0.4552,0.6216925,-0.0637976,-0.1448,0.0216925,0.704,0.661863752921144,0.743704359384596
"Bernoulli(0.5)","N(0,1)","MTS DGP","STSS PAM","Large","Onset","Full Model",0.6,0.5993404,0.51288,0.681505,-0.000659599999999977,-0.08712,0.081505,0.96,0.938897390611755,0.975398687914455
"Bernoulli(0.5)","N(0,1)","MTS DGP","STSS PAM","Large","Progression","$x_1$-only Model",0.6,0.479774,0.3240975,0.6222575,-0.120226,-0.2759025,0.0222575,0.642,0.598235884409411,0.684073847928081
"Bernoulli(0.5)","N(0,1)","MTS DGP","STSS PAM","Large","Progression","Full Model",0.6,0.601118,0.454165,0.7363175,0.00111800000000002,-0.145835,0.1363175,0.952,0.92941920374267,0.969006831206495
"Bernoulli(0.5)","N(0,1)","MTS DGP","STSS PAM","Large","Progression Interaction","$x_1$-only Model",0,-0.0564296,-0.2336775,0.1113225,-0.0564296,-0.2336775,0.1113225,0.902,0.87251145731411,0.92661741439226
"Bernoulli(0.5)","N(0,1)","MTS DGP","STSS PAM","Large","Progression Interaction","Full Model",0,0.0017796,-0.18451,0.17467,0.0017796,-0.18451,0.17467,0.942,0.917761779106165,0.960816131202812
"Bernoulli(0.5)","N(0,1)","MTS DGP","STSS PAM","Medium","Onset","$x_1$-only Model",0.4,0.377334,0.2849875,0.47071,-0.022666,-0.1150125,0.0707099999999999,0.928,0.901712562663143,0.949065666874867
"Bernoulli(0.5)","N(0,1)","MTS DGP","STSS PAM","Medium","Onset","Full Model",0.4,0.3982808,0.314355,0.497535,-0.00171920000000002,-0.085645,0.0975349999999999,0.952,0.92941920374267,0.969006831206495
"Bernoulli(0.5)","N(0,1)","MTS DGP","STSS PAM","Medium","Progression","$x_1$-only Model",0.4,0.3504354,0.225805,0.4606725,-0.0495646,-0.174195,0.0606725,0.882,0.850439603684273,0.908948322827213
"Bernoulli(0.5)","N(0,1)","MTS DGP","STSS PAM","Medium","Progression","Full Model",0.4,0.4019556,0.2803425,0.5291825,0.00195559999999998,-0.1196575,0.1291825,0.948,0.924733628969378,0.965754301917232
"Bernoulli(0.5)","N(0,1)","MTS DGP","STSS PAM","Medium","Progression Interaction","$x_1$-only Model",0,-0.0269022,-0.1942275,0.1124775,-0.0269022,-0.1942275,0.1124775,0.938,0.913147402520899,0.957488938703615
"Bernoulli(0.5)","N(0,1)","MTS DGP","STSS PAM","Medium","Progression Interaction","Full Model",0,0.0036732,-0.163605,0.1544775,0.0036732,-0.163605,0.1544775,0.944,0.92007869939564,0.962469555524978
"Bernoulli(0.5)","N(0,1)","MTS DGP","STSS PAM","Small","Onset","$x_1$-only Model",0.2,0.1999786,0.1068375,0.2852025,-2.1400000000011e-05,-0.0931625,0.0852025,0.954,0.931774572118762,0.970619824607597
"Bernoulli(0.5)","N(0,1)","MTS DGP","STSS PAM","Small","Onset","Full Model",0.2,0.1996876,0.1026325,0.2947025,-0.000312400000000011,-0.0973675,0.0947025,0.938,0.913147402520899,0.957488938703615
"Bernoulli(0.5)","N(0,1)","MTS DGP","STSS PAM","Small","Progression","$x_1$-only Model",0.2,0.1938508,0.0639825,0.3231475,-0.00614920000000001,-0.1360175,0.1231475,0.952,0.92941920374267,0.969006831206495
"Bernoulli(0.5)","N(0,1)","MTS DGP","STSS PAM","Small","Progression","Full Model",0.2,0.1994746,0.0661375,0.3279625,-0.000525400000000011,-0.1338625,0.1279625,0.95,0.927072378349521,0.96738481985067
"Bernoulli(0.5)","N(0,1)","MTS DGP","STSS PAM","Small","Progression Interaction","$x_1$-only Model",0,-0.0061296,-0.17409,0.1531,-0.0061296,-0.17409,0.1531,0.946,0.922402531505063,0.964115740278066
"Bernoulli(0.5)","N(0,1)","MTS DGP","STSS PAM","Small","Progression Interaction","Full Model",0,-0.0002108,-0.1684975,0.1624525,-0.0002108,-0.1684975,0.1624525,0.942,0.917761779106165,0.960816131202812
"Bernoulli(0.5)","N(0,1)","MTS DGP","STSS PAM",NA,"Onset","$x_1$-only Model",1,0.620997066666667,0.39179,0.8098575,-0.1456696,-0.3127875,0.0259349999999998,0.313333333333333,0.289910945104052,0.337488845238427
"Bernoulli(0.5)","N(0,1)","MTS DGP","STSS PAM",NA,"Onset","Full Model",1,0.767355466666667,0.43579,1.0643575,0.000688799999999985,-0.07972,0.093905,0.953333333333333,0.9414045594734,0.963443309946381
"Bernoulli(0.5)","N(0,1)","MTS DGP","STSS PAM",NA,"Progression","$x_1$-only Model",1,0.490898266666667,0.3242425,0.651305,-0.2757684,-0.5342625,-0.00748500000000006,0.225333333333333,0.204410904400241,0.247336660836211
"Bernoulli(0.5)","N(0,1)","MTS DGP","STSS PAM",NA,"Progression","Full Model",1,0.764524933333333,0.4077875,1.0963725,-0.00214173333333335,-0.12792,0.120505,0.944666666666667,0.931865005616502,0.955689586393507
"Bernoulli(0.5)","N(0,1)","MTS DGP","STSS PAM",NA,"Progression Interaction","$x_1$-only Model",0,-0.130098866666667,-0.3071775,0.0547199999999999,-0.130098866666667,-0.3071775,0.0547199999999999,0.557333333333333,0.531772190441079,0.582669573493131
"Bernoulli(0.5)","N(0,1)","MTS DGP","STSS PAM",NA,"Progression Interaction","Full Model",0,-0.00283266666666667,-0.1542075,0.1475825,-0.00283266666666667,-0.1542075,0.1475825,0.946,0.933327052683642,0.956888141478602
"Bernoulli(0.5)","N(0,1)","STSS DGP","MTS PAM","Large","Onset","$x_1$-only Model",0.6,0.5381182,0.4481425,0.6245825,-0.0618818,-0.1518575,0.0245825,0.712,0.670134856869257,0.751337252748153
"Bernoulli(0.5)","N(0,1)","STSS DGP","MTS PAM","Large","Onset","Full Model",0.6,0.6032892,0.5226475,0.6836975,0.00328920000000002,-0.0773525,0.0836975,0.968,0.948553231708354,0.98160081467636
"Bernoulli(0.5)","N(0,1)","STSS DGP","MTS PAM","Large","Progression","$x_1$-only Model",0.6,0.5400888,0.3247175,0.7484825,-0.0599112,-0.2752825,0.1484825,0.886,0.854831533401039,0.91250509712003
"Bernoulli(0.5)","N(0,1)","STSS DGP","MTS PAM","Large","Progression","Full Model",0.6,0.6391848,0.43357,0.8351125,0.0391848,-0.16643,0.2351125,0.952,0.92941920374267,0.969006831206495
"Bernoulli(0.5)","N(0,1)","STSS DGP","MTS PAM","Large","Progression Interaction","$x_1$-only Model",0,0.0019692,-0.2331475,0.2467575,0.0019692,-0.2331475,0.2467575,0.936,0.910849372449137,0.955815789053287
"Bernoulli(0.5)","N(0,1)","STSS DGP","MTS PAM","Large","Progression Interaction","Full Model",0,0.0358958,-0.1855625,0.237975,0.0358958,-0.1855625,0.237975,0.956,0.934138999676405,0.972223232714428
"Bernoulli(0.5)","N(0,1)","STSS DGP","MTS PAM","Medium","Onset","$x_1$-only Model",0.4,0.3808932,0.2967325,0.4703525,-0.0191068,-0.1032675,0.0703525,0.936,0.910849372449137,0.955815789053287
"Bernoulli(0.5)","N(0,1)","STSS DGP","MTS PAM","Medium","Onset","Full Model",0.4,0.4030758,0.3060925,0.4934625,0.00307579999999998,-0.0939075,0.0934625,0.944,0.92007869939564,0.962469555524978
"Bernoulli(0.5)","N(0,1)","STSS DGP","MTS PAM","Medium","Progression","$x_1$-only Model",0.4,0.3948684,0.2121925,0.5957875,-0.00513160000000002,-0.1878075,0.1957875,0.89,0.859234155226856,0.916050944593145
"Bernoulli(0.5)","N(0,1)","STSS DGP","MTS PAM","Medium","Progression","Full Model",0.4,0.4252196,0.23819,0.59966,0.0252196,-0.16181,0.19966,0.894,0.863647973514209,0.919585339579863
"Bernoulli(0.5)","N(0,1)","STSS DGP","MTS PAM","Medium","Progression Interaction","$x_1$-only Model",0,0.0139768,-0.18801,0.240347499999999,0.0139768,-0.18801,0.240347499999999,0.916,0.888151698754588,0.938790941391652
"Bernoulli(0.5)","N(0,1)","STSS DGP","MTS PAM","Medium","Progression Interaction","Full Model",0,0.0221474,-0.1804175,0.2182575,0.0221474,-0.1804175,0.2182575,0.926,0.89944112525353,0.947364891451005
"Bernoulli(0.5)","N(0,1)","STSS DGP","MTS PAM","Small","Onset","$x_1$-only Model",0.2,0.1963666,0.100925,0.2916925,-0.00363340000000001,-0.099075,0.0916924999999999,0.948,0.924733628969378,0.965754301917232
"Bernoulli(0.5)","N(0,1)","STSS DGP","MTS PAM","Small","Onset","Full Model",0.2,0.2013818,0.0987225,0.2886975,0.00138179999999999,-0.1012775,0.0886975,0.948,0.924733628969378,0.965754301917232
"Bernoulli(0.5)","N(0,1)","STSS DGP","MTS PAM","Small","Progression","$x_1$-only Model",0.2,0.2050146,0.00624250000000001,0.41711,0.00501459999999999,-0.1937575,0.21711,0.916,0.888151698754588,0.938790941391652
"Bernoulli(0.5)","N(0,1)","STSS DGP","MTS PAM","Small","Progression","Full Model",0.2,0.2120954,0.00911000000000001,0.4092625,0.0120954,-0.19089,0.2092625,0.924,0.897174417885006,0.945659218756088
"Bernoulli(0.5)","N(0,1)","STSS DGP","MTS PAM","Small","Progression Interaction","$x_1$-only Model",0,0.00865,-0.220345,0.2525825,0.00865,-0.220345,0.2525825,0.92,0.892654535643648,0.942233880071166
"Bernoulli(0.5)","N(0,1)","STSS DGP","MTS PAM","Small","Progression Interaction","Full Model",0,0.0107154,-0.2205275,0.222025,0.0107154,-0.2205275,0.222025,0.928,0.901712562663143,0.949065666874867
"Bernoulli(0.5)","N(0,1)","STSS DGP","MTS PAM",NA,"Onset","$x_1$-only Model",1,0.622128133333333,0.3896275,0.814325,-0.144538533333333,-0.315415,0.0308674999999999,0.315333333333333,0.29186659901426,0.339525313730834
"Bernoulli(0.5)","N(0,1)","STSS DGP","MTS PAM",NA,"Onset","Full Model",1,0.760681933333333,0.430195,1.057805,-0.00598473333333335,-0.0910525,0.0852949999999994,0.951333333333333,0.939195139439147,0.961662119030306
"Bernoulli(0.5)","N(0,1)","STSS DGP","MTS PAM",NA,"Progression","$x_1$-only Model",1,0.5641302,0.33059,0.774435,-0.202536466666667,-0.4860625,0.0870124999999996,0.356,0.331737572666706,0.380827658367629
"Bernoulli(0.5)","N(0,1)","STSS DGP","MTS PAM",NA,"Progression","Full Model",1,0.8207528,0.40396,1.2042525,0.0540861333333333,-0.1205575,0.22751,0.866,0.847710117582439,0.882843017032098
"Bernoulli(0.5)","N(0,1)","STSS DGP","MTS PAM",NA,"Progression Interaction","$x_1$-only Model",0,-0.0579962,-0.2624725,0.16044,-0.0579962,-0.2624725,0.16044,0.834666666666667,0.814883197784418,0.853129821311351
"Bernoulli(0.5)","N(0,1)","STSS DGP","MTS PAM",NA,"Progression Interaction","Full Model",0,0.0600700666666667,-0.1372975,0.2575675,0.0600700666666667,-0.1372975,0.2575675,0.873333333333333,0.855435163828656,0.889754774917946
"Bernoulli(0.5)","N(0,1)","STSS DGP","STSS PAM","Large","Onset","$x_1$-only Model",0.6,0.535909,0.4499275,0.6214975,-0.064091,-0.1500725,0.0214975,0.688,0.645365073161317,0.728394800568974
"Bernoulli(0.5)","N(0,1)","STSS DGP","STSS PAM","Large","Onset","Full Model",0.6,0.5983202,0.50966,0.68989,-0.00167979999999998,-0.09034,0.0898899999999999,0.946,0.922402531505063,0.964115740278066
"Bernoulli(0.5)","N(0,1)","STSS DGP","STSS PAM","Large","Progression","$x_1$-only Model",0.6,0.509721,0.29897,0.73122,-0.090279,-0.30103,0.13122,0.858,0.824289005033745,0.887402697142255
"Bernoulli(0.5)","N(0,1)","STSS DGP","STSS PAM","Large","Progression","Full Model",0.6,0.6017422,0.4024975,0.79363,0.00174220000000002,-0.1975025,0.19363,0.958,0.936513059467081,0.973816423223853
"Bernoulli(0.5)","N(0,1)","STSS DGP","STSS PAM","Large","Progression Interaction","$x_1$-only Model",0,-0.0261824,-0.2444575,0.2122675,-0.0261824,-0.2444575,0.2122675,0.94,0.9154514462924,0.959155818237223
"Bernoulli(0.5)","N(0,1)","STSS DGP","STSS PAM","Large","Progression Interaction","Full Model",0,0.0034214,-0.2041675,0.2174225,0.0034214,-0.2041675,0.2174225,0.96,0.938897390611755,0.975398687914455
"Bernoulli(0.5)","N(0,1)","STSS DGP","STSS PAM","Medium","Onset","$x_1$-only Model",0.4,0.38277,0.291895,0.4702025,-0.01723,-0.108105,0.0702024999999999,0.936,0.910849372449137,0.955815789053287
"Bernoulli(0.5)","N(0,1)","STSS DGP","STSS PAM","Medium","Onset","Full Model",0.4,0.4024042,0.306055,0.4928275,0.00240419999999998,-0.093945,0.0928274999999999,0.948,0.924733628969378,0.965754301917232
"Bernoulli(0.5)","N(0,1)","STSS DGP","STSS PAM","Medium","Progression","$x_1$-only Model",0.4,0.3605964,0.2131925,0.5145325,-0.0394036,-0.1868075,0.1145325,0.94,0.9154514462924,0.959155818237223
"Bernoulli(0.5)","N(0,1)","STSS DGP","STSS PAM","Medium","Progression","Full Model",0.4,0.3949662,0.2339925,0.555835,-0.00503380000000002,-0.1660075,0.155835,0.954,0.931774572118762,0.970619824607597
"Bernoulli(0.5)","N(0,1)","STSS DGP","STSS PAM","Medium","Progression Interaction","$x_1$-only Model",0,-0.0221714,-0.2087475,0.1672375,-0.0221714,-0.2087475,0.1672375,0.942,0.917761779106165,0.960816131202812
"Bernoulli(0.5)","N(0,1)","STSS DGP","STSS PAM","Medium","Progression Interaction","Full Model",0,-0.007438,-0.17951,0.17682,-0.007438,-0.17951,0.17682,0.964,0.943699823798209,0.978527143413907
"Bernoulli(0.5)","N(0,1)","STSS DGP","STSS PAM","Small","Onset","$x_1$-only Model",0.2,0.1946894,0.1003875,0.2819,-0.00531060000000001,-0.0996125,0.0819,0.954,0.931774572118762,0.970619824607597
"Bernoulli(0.5)","N(0,1)","STSS DGP","STSS PAM","Small","Onset","Full Model",0.2,0.2003056,0.10345,0.286515,0.000305599999999989,-0.09655,0.086515,0.954,0.931774572118762,0.970619824607597
"Bernoulli(0.5)","N(0,1)","STSS DGP","STSS PAM","Small","Progression","$x_1$-only Model",0.2,0.1972256,0.027225,0.379365,-0.00277440000000001,-0.172775,0.179365,0.954,0.931774572118762,0.970619824607597
"Bernoulli(0.5)","N(0,1)","STSS DGP","STSS PAM","Small","Progression","Full Model",0.2,0.2001306,0.00212250000000001,0.3828625,0.000130599999999989,-0.1978775,0.1828625,0.944,0.92007869939564,0.962469555524978
"Bernoulli(0.5)","N(0,1)","STSS DGP","STSS PAM","Small","Progression Interaction","$x_1$-only Model",0,0.0025348,-0.21296,0.2001075,0.0025348,-0.21296,0.2001075,0.954,0.931774572118762,0.970619824607597
"Bernoulli(0.5)","N(0,1)","STSS DGP","STSS PAM","Small","Progression Interaction","Full Model",0,-0.0001742,-0.2074575,0.209105,-0.0001742,-0.2074575,0.209105,0.944,0.92007869939564,0.962469555524978
"Bernoulli(0.5)","N(0,1)","STSS DGP","STSS PAM",NA,"Onset","$x_1$-only Model",1,0.624373733333333,0.39959,0.8217575,-0.142292933333333,-0.3100975,0.037905,0.322,0.298389070663012,0.346309922781339
"Bernoulli(0.5)","N(0,1)","STSS DGP","STSS PAM",NA,"Onset","Full Model",1,0.767151266666667,0.4380425,1.0664025,0.000484599999999985,-0.08724,0.0865199999999998,0.95,0.937724987127211,0.960471811370594
"Bernoulli(0.5)","N(0,1)","STSS DGP","STSS PAM",NA,"Progression","$x_1$-only Model",1,0.527427666666667,0.313625,0.7295525,-0.239239,-0.5055625,0.0461449999999998,0.298,0.274934629883799,0.321858918661336
"Bernoulli(0.5)","N(0,1)","STSS DGP","STSS PAM",NA,"Progression","Full Model",1,0.763739866666667,0.38266,1.11452,-0.00292680000000001,-0.1579125,0.148905,0.955333333333333,0.943619282333513,0.965219094106409
"Bernoulli(0.5)","N(0,1)","STSS DGP","STSS PAM",NA,"Progression Interaction","$x_1$-only Model",0,-0.0969468666666667,-0.290125,0.10274,-0.0969468666666667,-0.290125,0.10274,0.766666666666667,0.744419022682137,0.787865151529718
"Bernoulli(0.5)","N(0,1)","STSS DGP","STSS PAM",NA,"Progression Interaction","Full Model",0,-0.00341053333333333,-0.1879575,0.1670575,-0.00341053333333333,-0.1879575,0.1670575,0.956,0.944358759098829,0.965809761272288
"N(0,1)","Bernoulli(0.5)","MTS DGP","MTS PAM","Large","Onset","$x_1$-only Model",0.6,0.581456,0.5359,0.62511,-0.018544,-0.0640999999999999,0.02511,0.868,0.83514568815577,0.896420181029309
"N(0,1)","Bernoulli(0.5)","MTS DGP","MTS PAM","Large","Onset","Full Model",0.6,0.59961,0.55719,0.6444125,-0.000389999999999977,-0.0428099999999999,0.0444124999999999,0.958,0.936513059467081,0.973816423223853
"N(0,1)","Bernoulli(0.5)","MTS DGP","MTS PAM","Large","Progression","$x_1$-only Model",0.6,0.561362,0.4860275,0.643905,-0.038638,-0.1139725,0.043905,0.8,0.762208169720093,0.834199874156167
"N(0,1)","Bernoulli(0.5)","MTS DGP","MTS PAM","Large","Progression","Full Model",0.6,0.6004678,0.5279375,0.6742675,0.000467800000000024,-0.0720625,0.0742675,0.958,0.936513059467081,0.973816423223853
"N(0,1)","Bernoulli(0.5)","MTS DGP","MTS PAM","Large","Progression Interaction","$x_1$-only Model",0,-0.0200952,-0.11212,0.073935,-0.0200952,-0.11212,0.073935,0.916,0.888151698754588,0.938790941391652
"N(0,1)","Bernoulli(0.5)","MTS DGP","MTS PAM","Large","Progression Interaction","Full Model",0,0.0008602,-0.093535,0.0863174999999999,0.0008602,-0.093535,0.0863174999999999,0.948,0.924733628969378,0.965754301917232
"N(0,1)","Bernoulli(0.5)","MTS DGP","MTS PAM","Medium","Onset","$x_1$-only Model",0.4,0.3962592,0.351795,0.447215,-0.00374080000000002,-0.048205,0.047215,0.942,0.917761779106165,0.960816131202812
"N(0,1)","Bernoulli(0.5)","MTS DGP","MTS PAM","Medium","Onset","Full Model",0.4,0.3985468,0.35349,0.4405575,-0.00145320000000002,-0.04651,0.0405575,0.956,0.934138999676405,0.972223232714428
"N(0,1)","Bernoulli(0.5)","MTS DGP","MTS PAM","Medium","Progression","$x_1$-only Model",0.4,0.3865008,0.31435,0.45044,-0.0134992,-0.08565,0.0504399999999999,0.914,0.885906330653944,0.937063233433813
"N(0,1)","Bernoulli(0.5)","MTS DGP","MTS PAM","Medium","Progression","Full Model",0.4,0.399859,0.3399325,0.468115,-0.000141000000000022,-0.0600675,0.068115,0.952,0.92941920374267,0.969006831206495
"N(0,1)","Bernoulli(0.5)","MTS DGP","MTS PAM","Medium","Progression Interaction","$x_1$-only Model",0,-0.0097574,-0.0903775,0.0719725,-0.0097574,-0.0903775,0.0719725,0.932,0.906270353192629,0.952451753367345
"N(0,1)","Bernoulli(0.5)","MTS DGP","MTS PAM","Medium","Progression Interaction","Full Model",0,0.001314,-0.076705,0.081255,0.001314,-0.076705,0.081255,0.948,0.924733628969378,0.965754301917232
"N(0,1)","Bernoulli(0.5)","MTS DGP","MTS PAM","Small","Onset","$x_1$-only Model",0.2,0.2000276,0.154875,0.2467525,2.75999999999895e-05,-0.045125,0.0467525,0.956,0.934138999676405,0.972223232714428
"N(0,1)","Bernoulli(0.5)","MTS DGP","MTS PAM","Small","Onset","Full Model",0.2,0.1999398,0.1542425,0.24992,-6.02000000000111e-05,-0.0457575,0.04992,0.946,0.922402531505063,0.964115740278066
"N(0,1)","Bernoulli(0.5)","MTS DGP","MTS PAM","Small","Progression","$x_1$-only Model",0.2,0.199574,0.135975,0.264505,-0.000426000000000011,-0.064025,0.064505,0.96,0.938897390611755,0.975398687914455
"N(0,1)","Bernoulli(0.5)","MTS DGP","MTS PAM","Small","Progression","Full Model",0.2,0.201146,0.1290275,0.265415,0.00114599999999999,-0.0709725,0.065415,0.942,0.917761779106165,0.960816131202812
"N(0,1)","Bernoulli(0.5)","MTS DGP","MTS PAM","Small","Progression Interaction","$x_1$-only Model",0,-0.0004554,-0.0838875,0.081115,-0.0004554,-0.0838875,0.081115,0.946,0.922402531505063,0.964115740278066
"N(0,1)","Bernoulli(0.5)","MTS DGP","MTS PAM","Small","Progression Interaction","Full Model",0,0.001203,-0.079605,0.0841024999999999,0.001203,-0.079605,0.0841024999999999,0.95,0.927072378349521,0.96738481985067
"N(0,1)","Bernoulli(0.5)","MTS DGP","MTS PAM",NA,"Onset","$x_1$-only Model",1,0.715125533333333,0.4556475,0.9415525,-0.0515411333333333,-0.1285875,0.023,0.480666666666667,0.455108163017681,0.506301002053953
"N(0,1)","Bernoulli(0.5)","MTS DGP","MTS PAM",NA,"Onset","Full Model",1,0.766598333333333,0.465095,1.034425,-6.83333333333476e-05,-0.0492525,0.049005,0.942666666666667,0.929675393679292,0.95388823859675
"N(0,1)","Bernoulli(0.5)","MTS DGP","MTS PAM",NA,"Progression","$x_1$-only Model",1,0.657701066666667,0.4327,0.868155,-0.1089656,-0.24432,0.025,0.311333333333333,0.287955797753012,0.335451871049981
"N(0,1)","Bernoulli(0.5)","MTS DGP","MTS PAM",NA,"Progression","Full Model",1,0.762869133333333,0.4523325,1.0511625,-0.00379753333333335,-0.069605,0.0634524999999999,0.955333333333333,0.943619282333513,0.965219094106409
"N(0,1)","Bernoulli(0.5)","MTS DGP","MTS PAM",NA,"Progression Interaction","$x_1$-only Model",0,-0.0574242666666667,-0.1577975,0.0459575,-0.0574242666666667,-0.1577975,0.0459575,0.660666666666667,0.636075610871835,0.684626945941474
"N(0,1)","Bernoulli(0.5)","MTS DGP","MTS PAM",NA,"Progression Interaction","Full Model",0,-0.00372746666666667,-0.08891,0.0786575,-0.00372746666666667,-0.08891,0.0786575,0.950666666666667,0.938459790982175,0.961067242535929
"N(0,1)","Bernoulli(0.5)","MTS DGP","STSS PAM","Large","Onset","$x_1$-only Model",0.6,0.5801232,0.5306475,0.625405,-0.0198768,-0.0693525,0.025405,0.86,0.82645614350629,0.889210465735934
"N(0,1)","Bernoulli(0.5)","MTS DGP","STSS PAM","Large","Onset","Full Model",0.6,0.5992758,0.556095,0.6454675,-0.000724199999999979,-0.0439049999999999,0.0454675,0.954,0.931774572118762,0.970619824607597
"N(0,1)","Bernoulli(0.5)","MTS DGP","STSS PAM","Large","Progression","$x_1$-only Model",0.6,0.5606338,0.4860275,0.637915,-0.0393662,-0.1139725,0.037915,0.818,0.781331527489295,0.850856098275897
"N(0,1)","Bernoulli(0.5)","MTS DGP","STSS PAM","Large","Progression","Full Model",0.6,0.6007996,0.5245375,0.6768725,0.000799600000000023,-0.0754625,0.0768725,0.952,0.92941920374267,0.969006831206495
"N(0,1)","Bernoulli(0.5)","MTS DGP","STSS PAM","Large","Progression Interaction","$x_1$-only Model",0,-0.0194888,-0.11543,0.0725925,-0.0194888,-0.11543,0.0725925,0.93,0.903988908407367,0.950761355279621
"N(0,1)","Bernoulli(0.5)","MTS DGP","STSS PAM","Large","Progression Interaction","Full Model",0,0.0015204,-0.07673,0.0938274999999999,0.0015204,-0.07673,0.0938274999999999,0.962,0.941292709536771,0.976969229193752
"N(0,1)","Bernoulli(0.5)","MTS DGP","STSS PAM","Medium","Onset","$x_1$-only Model",0.4,0.3931994,0.3445325,0.4438525,-0.00680060000000002,-0.0554675,0.0438525,0.922,0.894912273569934,0.94394882622444
"N(0,1)","Bernoulli(0.5)","MTS DGP","STSS PAM","Medium","Onset","Full Model",0.4,0.3998876,0.353285,0.4472,-0.000112400000000022,-0.046715,0.0472,0.948,0.924733628969378,0.965754301917232
"N(0,1)","Bernoulli(0.5)","MTS DGP","STSS PAM","Medium","Progression","$x_1$-only Model",0.4,0.3888138,0.32849,0.4523725,-0.0111862,-0.07151,0.0523725,0.92,0.892654535643648,0.942233880071166
"N(0,1)","Bernoulli(0.5)","MTS DGP","STSS PAM","Medium","Progression","Full Model",0.4,0.3989914,0.3393025,0.4631025,-0.00100860000000002,-0.0606975,0.0631025,0.954,0.931774572118762,0.970619824607597
"N(0,1)","Bernoulli(0.5)","MTS DGP","STSS PAM","Medium","Progression Interaction","$x_1$-only Model",0,-0.0043888,-0.088365,0.0784374999999999,-0.0043888,-0.088365,0.0784374999999999,0.934,0.908557101389134,0.954136642889412
"N(0,1)","Bernoulli(0.5)","MTS DGP","STSS PAM","Medium","Progression Interaction","Full Model",0,-0.0008984,-0.0720925,0.0774775,-0.0008984,-0.0720925,0.0774775,0.96,0.938897390611755,0.975398687914455
"N(0,1)","Bernoulli(0.5)","MTS DGP","STSS PAM","Small","Onset","$x_1$-only Model",0.2,0.196598,0.150695,0.24484,-0.00340200000000001,-0.049305,0.04484,0.946,0.922402531505063,0.964115740278066
"N(0,1)","Bernoulli(0.5)","MTS DGP","STSS PAM","Small","Onset","Full Model",0.2,0.201991,0.1525375,0.25162,0.00199099999999999,-0.0474625,0.05162,0.934,0.908557101389134,0.954136642889412
"N(0,1)","Bernoulli(0.5)","MTS DGP","STSS PAM","Small","Progression","$x_1$-only Model",0.2,0.2007274,0.1339175,0.2650575,0.000727399999999989,-0.0660825,0.0650575,0.956,0.934138999676405,0.972223232714428
"N(0,1)","Bernoulli(0.5)","MTS DGP","STSS PAM","Small","Progression","Full Model",0.2,0.201435,0.1297125,0.2624575,0.00143499999999999,-0.0702875,0.0624575,0.952,0.92941920374267,0.969006831206495
"N(0,1)","Bernoulli(0.5)","MTS DGP","STSS PAM","Small","Progression Interaction","$x_1$-only Model",0,0.0041254,-0.0739775,0.08573,0.0041254,-0.0739775,0.08573,0.95,0.927072378349521,0.96738481985067
"N(0,1)","Bernoulli(0.5)","MTS DGP","STSS PAM","Small","Progression Interaction","Full Model",0,-0.0005588,-0.08186,0.0785625,-0.0005588,-0.08186,0.0785625,0.952,0.92941920374267,0.969006831206495
"N(0,1)","Bernoulli(0.5)","MTS DGP","STSS PAM",NA,"Onset","$x_1$-only Model",1,0.714948733333333,0.4544225,0.938105,-0.0517179333333333,-0.128005,0.0223574999999999,0.490666666666667,0.465074061674249,0.51629587972901
"N(0,1)","Bernoulli(0.5)","MTS DGP","STSS PAM",NA,"Onset","Full Model",1,0.764782066666667,0.465595,1.03291,-0.00188460000000001,-0.0505625,0.0455525,0.946,0.933327052683642,0.956888141478602
"N(0,1)","Bernoulli(0.5)","MTS DGP","STSS PAM",NA,"Progression","$x_1$-only Model",1,0.655122466666667,0.42609,0.860505,-0.1115442,-0.2471675,0.0239,0.305333333333333,0.282093421978898,0.329337887554682
"N(0,1)","Bernoulli(0.5)","MTS DGP","STSS PAM",NA,"Progression","Full Model",1,0.763256333333333,0.4500375,1.057845,-0.00341033333333335,-0.078505,0.066205,0.939333333333333,0.926034775298389,0.950877120404844
"N(0,1)","Bernoulli(0.5)","MTS DGP","STSS PAM",NA,"Progression Interaction","$x_1$-only Model",0,-0.0598252,-0.16281,0.0487199999999999,-0.0598252,-0.16281,0.0487199999999999,0.636,0.611070181678685,0.660396034666534
"N(0,1)","Bernoulli(0.5)","MTS DGP","STSS PAM",NA,"Progression Interaction","Full Model",0,-0.00152546666666667,-0.0912675,0.0854,-0.00152546666666667,-0.0912675,0.0854,0.941333333333333,0.928217870913278,0.952685086331614
"N(0,1)","Bernoulli(0.5)","STSS DGP","MTS PAM","Large","Onset","$x_1$-only Model",0.6,0.579601,0.53406,0.6238525,-0.020399,-0.06594,0.0238525,0.84,0.804871977720283,0.871044144895774
"N(0,1)","Bernoulli(0.5)","STSS DGP","MTS PAM","Large","Onset","Full Model",0.6,0.600775,0.5571325,0.64711,0.000775000000000022,-0.0428675,0.04711,0.958,0.936513059467081,0.973816423223853
"N(0,1)","Bernoulli(0.5)","STSS DGP","MTS PAM","Large","Progression","$x_1$-only Model",0.6,0.6095116,0.49115,0.73043,0.00951160000000002,-0.10885,0.13043,0.912,0.883664829336834,0.935331542458942
"N(0,1)","Bernoulli(0.5)","STSS DGP","MTS PAM","Large","Progression","Full Model",0.6,0.6429748,0.526705,0.7656475,0.0429748,-0.073295,0.1656475,0.852,0.817799604727673,0.881967174931252
"N(0,1)","Bernoulli(0.5)","STSS DGP","MTS PAM","Large","Progression Interaction","$x_1$-only Model",0,0.029911,-0.09427,0.15181,0.029911,-0.09427,0.15181,0.906,0.876962392110439,0.930113766081219
"N(0,1)","Bernoulli(0.5)","STSS DGP","MTS PAM","Large","Progression Interaction","Full Model",0,0.0421998,-0.07722,0.170475,0.0421998,-0.07722,0.170475,0.864,0.830796641378632,0.892819674143012
"N(0,1)","Bernoulli(0.5)","STSS DGP","MTS PAM","Medium","Onset","$x_1$-only Model",0.4,0.3945542,0.34816,0.437215,-0.00544580000000002,-0.05184,0.037215,0.954,0.931774572118762,0.970619824607597
"N(0,1)","Bernoulli(0.5)","STSS DGP","MTS PAM","Medium","Onset","Full Model",0.4,0.3986054,0.3553325,0.4429675,-0.00139460000000002,-0.0446675,0.0429675,0.964,0.943699823798209,0.978527143413907
"N(0,1)","Bernoulli(0.5)","STSS DGP","MTS PAM","Medium","Progression","$x_1$-only Model",0.4,0.4153152,0.3316425,0.509135,0.0153152,-0.0683575,0.109135,0.906,0.876962392110439,0.930113766081219
"N(0,1)","Bernoulli(0.5)","STSS DGP","MTS PAM","Medium","Progression","Full Model",0.4,0.4298608,0.34448,0.513315,0.0298608,-0.05552,0.113315,0.878,0.846057903153546,0.905381103543584
"N(0,1)","Bernoulli(0.5)","STSS DGP","MTS PAM","Medium","Progression Interaction","$x_1$-only Model",0,0.0207568,-0.0784025,0.117615,0.0207568,-0.0784025,0.117615,0.914,0.885906330653944,0.937063233433813
"N(0,1)","Bernoulli(0.5)","STSS DGP","MTS PAM","Medium","Progression Interaction","Full Model",0,0.0312546,-0.064125,0.126025,0.0312546,-0.064125,0.126025,0.898,0.86807353943528,0.923107706773312
"N(0,1)","Bernoulli(0.5)","STSS DGP","MTS PAM","Small","Onset","$x_1$-only Model",0.2,0.1982564,0.1538875,0.2445,-0.00174360000000001,-0.0461125,0.0445,0.966,0.946119649263923,0.980071399953794
"N(0,1)","Bernoulli(0.5)","STSS DGP","MTS PAM","Small","Onset","Full Model",0.2,0.2002464,0.153295,0.2471775,0.000246399999999989,-0.046705,0.0471775,0.954,0.931774572118762,0.970619824607597
"N(0,1)","Bernoulli(0.5)","STSS DGP","MTS PAM","Small","Progression","$x_1$-only Model",0.2,0.2123574,0.1122475,0.309015,0.0123574,-0.0877525,0.109015,0.926,0.89944112525353,0.947364891451005
"N(0,1)","Bernoulli(0.5)","STSS DGP","MTS PAM","Small","Progression","Full Model",0.2,0.2125328,0.11098,0.31763,0.0125328,-0.08902,0.11763,0.914,0.885906330653944,0.937063233433813
"N(0,1)","Bernoulli(0.5)","STSS DGP","MTS PAM","Small","Progression Interaction","$x_1$-only Model",0,0.0141018,-0.0983825,0.1177625,0.0141018,-0.0983825,0.1177625,0.922,0.894912273569934,0.94394882622444
"N(0,1)","Bernoulli(0.5)","STSS DGP","MTS PAM","Small","Progression Interaction","Full Model",0,0.012284,-0.0967025,0.1204875,0.012284,-0.0967025,0.1204875,0.932,0.906270353192629,0.952451753367345
"N(0,1)","Bernoulli(0.5)","STSS DGP","MTS PAM",NA,"Onset","$x_1$-only Model",1,0.7105752,0.45339,0.935205,-0.0560914666666667,-0.1374,0.0202525,0.435333333333333,0.410057021473283,0.460863322404433
"N(0,1)","Bernoulli(0.5)","STSS DGP","MTS PAM",NA,"Onset","Full Model",1,0.760137,0.467295,1.0221525,-0.00652966666666668,-0.053905,0.0376525,0.946,0.933327052683642,0.956888141478602
"N(0,1)","Bernoulli(0.5)","STSS DGP","MTS PAM",NA,"Progression","$x_1$-only Model",1,0.728939266666667,0.462695,0.9709,-0.0377274,-0.16571,0.0859249999999999,0.702,0.678141081338664,0.725065370116201
"N(0,1)","Bernoulli(0.5)","STSS DGP","MTS PAM",NA,"Progression","Full Model",1,0.8221342,0.4751475,1.1479625,0.0554675333333333,-0.03971,0.1538525,0.724,0.70062117001677,0.746498479483914
"N(0,1)","Bernoulli(0.5)","STSS DGP","MTS PAM",NA,"Progression Interaction","$x_1$-only Model",0,0.0183634,-0.0876575,0.1196775,0.0183634,-0.0876575,0.1196775,0.900666666666667,0.884403093527076,0.915340967771428
"N(0,1)","Bernoulli(0.5)","STSS DGP","MTS PAM",NA,"Progression Interaction","Full Model",0,0.0619988666666667,-0.04942,0.173715,0.0619988666666667,-0.04942,0.173715,0.728666666666667,0.705398298582854,0.751036253406698
"N(0,1)","Bernoulli(0.5)","STSS DGP","STSS PAM","Large","Onset","$x_1$-only Model",0.6,0.5784882,0.5351175,0.6233575,-0.0215118,-0.0648825,0.0233575,0.854,0.819960769695867,0.883781016559742
"N(0,1)","Bernoulli(0.5)","STSS DGP","STSS PAM","Large","Onset","Full Model",0.6,0.6020294,0.5592925,0.6441925,0.00202940000000002,-0.0407075,0.0441925,0.954,0.931774572118762,0.970619824607597
"N(0,1)","Bernoulli(0.5)","STSS DGP","STSS PAM","Large","Progression","$x_1$-only Model",0.6,0.5712682,0.46237,0.6771225,-0.0287318,-0.13763,0.0771224999999999,0.908,0.879192967389257,0.931856695843346
"N(0,1)","Bernoulli(0.5)","STSS DGP","STSS PAM","Large","Progression","Full Model",0.6,0.6007112,0.4969325,0.7111,0.00071120000000002,-0.1030675,0.1111,0.95,0.927072378349521,0.96738481985067
"N(0,1)","Bernoulli(0.5)","STSS DGP","STSS PAM","Large","Progression Interaction","$x_1$-only Model",0,-0.0072202,-0.12139,0.11671,-0.0072202,-0.12139,0.11671,0.934,0.908557101389134,0.954136642889412
"N(0,1)","Bernoulli(0.5)","STSS DGP","STSS PAM","Large","Progression Interaction","Full Model",0,-0.0013202,-0.1062675,0.115975,-0.0013202,-0.1062675,0.115975,0.954,0.931774572118762,0.970619824607597
"N(0,1)","Bernoulli(0.5)","STSS DGP","STSS PAM","Medium","Onset","$x_1$-only Model",0.4,0.3939162,0.3507925,0.4383575,-0.00608380000000002,-0.0492075,0.0383575,0.96,0.938897390611755,0.975398687914455
"N(0,1)","Bernoulli(0.5)","STSS DGP","STSS PAM","Medium","Onset","Full Model",0.4,0.4017474,0.3558425,0.4451675,0.00174739999999998,-0.0441575,0.0451675,0.96,0.938897390611755,0.975398687914455
"N(0,1)","Bernoulli(0.5)","STSS DGP","STSS PAM","Medium","Progression","$x_1$-only Model",0.4,0.3876862,0.30218,0.4635725,-0.0123138,-0.09782,0.0635725,0.934,0.908557101389134,0.954136642889412
"N(0,1)","Bernoulli(0.5)","STSS DGP","STSS PAM","Medium","Progression","Full Model",0.4,0.4000502,0.32307,0.478505,5.01999999999778e-05,-0.07693,0.078505,0.96,0.938897390611755,0.975398687914455
"N(0,1)","Bernoulli(0.5)","STSS DGP","STSS PAM","Medium","Progression Interaction","$x_1$-only Model",0,-0.0062304,-0.1020375,0.080415,-0.0062304,-0.1020375,0.080415,0.956,0.934138999676405,0.972223232714428
"N(0,1)","Bernoulli(0.5)","STSS DGP","STSS PAM","Medium","Progression Interaction","Full Model",0,-0.0016972,-0.097315,0.0940625,-0.0016972,-0.097315,0.0940625,0.952,0.92941920374267,0.969006831206495
"N(0,1)","Bernoulli(0.5)","STSS DGP","STSS PAM","Small","Onset","$x_1$-only Model",0.2,0.2008206,0.152245,0.2497825,0.000820599999999988,-0.047755,0.0497825,0.94,0.9154514462924,0.959155818237223
"N(0,1)","Bernoulli(0.5)","STSS DGP","STSS PAM","Small","Onset","Full Model",0.2,0.199452,0.1534425,0.2513675,-0.000548000000000011,-0.0465575,0.0513675,0.94,0.9154514462924,0.959155818237223
"N(0,1)","Bernoulli(0.5)","STSS DGP","STSS PAM","Small","Progression","$x_1$-only Model",0.2,0.198809,0.10543,0.283105,-0.00119100000000001,-0.09457,0.083105,0.958,0.936513059467081,0.973816423223853
"N(0,1)","Bernoulli(0.5)","STSS DGP","STSS PAM","Small","Progression","Full Model",0.2,0.2006128,0.1142175,0.2851725,0.000612799999999988,-0.0857825,0.0851725,0.962,0.941292709536771,0.976969229193752
"N(0,1)","Bernoulli(0.5)","STSS DGP","STSS PAM","Small","Progression Interaction","$x_1$-only Model",0,-0.0020098,-0.0973775,0.0949575,-0.0020098,-0.0973775,0.0949575,0.962,0.941292709536771,0.976969229193752
"N(0,1)","Bernoulli(0.5)","STSS DGP","STSS PAM","Small","Progression Interaction","Full Model",0,0.00116,-0.1042775,0.100415,0.00116,-0.1042775,0.100415,0.944,0.92007869939564,0.962469555524978
"N(0,1)","Bernoulli(0.5)","STSS DGP","STSS PAM",NA,"Onset","$x_1$-only Model",1,0.715067466666667,0.459695,0.9416,-0.0515992,-0.135305,0.02361,0.484666666666667,0.459093308297523,0.510300167166341
"N(0,1)","Bernoulli(0.5)","STSS DGP","STSS PAM",NA,"Onset","Full Model",1,0.7669856,0.46727,1.033015,0.000318933333333318,-0.0474,0.0452099999999999,0.952666666666667,0.94066751261291,0.962850164173248
"N(0,1)","Bernoulli(0.5)","STSS DGP","STSS PAM",NA,"Progression","$x_1$-only Model",1,0.675180066666667,0.4232475,0.908815,-0.0914866,-0.2275525,0.0372575,0.433333333333333,0.408074331701815,0.458853860247167
"N(0,1)","Bernoulli(0.5)","STSS DGP","STSS PAM",NA,"Progression","Full Model",1,0.764897533333333,0.4377425,1.0629975,-0.00176913333333335,-0.08162,0.0853624999999999,0.950666666666667,0.938459790982175,0.961067242535929
"N(0,1)","Bernoulli(0.5)","STSS DGP","STSS PAM",NA,"Progression Interaction","$x_1$-only Model",0,-0.0398886,-0.1426825,0.0621349999999998,-0.0398886,-0.1426825,0.0621349999999998,0.842,0.822542181794006,0.860108012074526
"N(0,1)","Bernoulli(0.5)","STSS DGP","STSS PAM",NA,"Progression Interaction","Full Model",0,-0.00208893333333333,-0.09852,0.095305,-0.00208893333333333,-0.09852,0.095305,0.948,0.935523742995106,0.958682293207839
"N(0,1)","N(0,1)","MTS DGP","MTS PAM","Large","Onset","$x_1$-only Model",0.6,0.5417484,0.49337,0.59604,-0.0582516,-0.10663,-0.00396000000000004,0.344,0.302390900451294,0.387466520395941
"N(0,1)","N(0,1)","MTS DGP","MTS PAM","Large","Onset","Full Model",0.6,0.5996498,0.5497825,0.64673,-0.00035019999999998,-0.0502175,0.04673,0.956,0.934138999676405,0.972223232714428
"N(0,1)","N(0,1)","MTS DGP","MTS PAM","Large","Progression","$x_1$-only Model",0.6,0.486879,0.40338,0.5703075,-0.113121,-0.19662,-0.0296925,0.26,0.222068881888798,0.300795778543143
"N(0,1)","N(0,1)","MTS DGP","MTS PAM","Large","Progression","Full Model",0.6,0.6007102,0.5116175,0.6908175,0.000710200000000022,-0.0883825,0.0908175,0.942,0.917761779106165,0.960816131202812
"N(0,1)","N(0,1)","MTS DGP","MTS PAM","Large","Progression Interaction","$x_1$-only Model",0,-0.0548688,-0.15114,0.0400549999999999,-0.0548688,-0.15114,0.0400549999999999,0.796,0.757973822209821,0.830483031435188
"N(0,1)","N(0,1)","MTS DGP","MTS PAM","Large","Progression Interaction","Full Model",0,0.001065,-0.0986575,0.098215,0.001065,-0.0986575,0.098215,0.95,0.927072378349521,0.96738481985067
"N(0,1)","N(0,1)","MTS DGP","MTS PAM","Medium","Onset","$x_1$-only Model",0.4,0.3835788,0.33207,0.439735,-0.0164212,-0.06793,0.039735,0.884,0.852634261875208,0.910728044746141
"N(0,1)","N(0,1)","MTS DGP","MTS PAM","Medium","Onset","Full Model",0.4,0.400398,0.354795,0.4477525,0.000397999999999979,-0.045205,0.0477525,0.968,0.948553231708354,0.98160081467636
"N(0,1)","N(0,1)","MTS DGP","MTS PAM","Medium","Progression","$x_1$-only Model",0.4,0.3561022,0.2847025,0.422735,-0.0438978,-0.1152975,0.0227349999999999,0.748,0.707545934467446,0.785492933242129
"N(0,1)","N(0,1)","MTS DGP","MTS PAM","Medium","Progression","Full Model",0.4,0.4010504,0.3376025,0.4689525,0.00105039999999998,-0.0623975,0.0689524999999999,0.956,0.934138999676405,0.972223232714428
"N(0,1)","N(0,1)","MTS DGP","MTS PAM","Medium","Progression Interaction","$x_1$-only Model",0,-0.0274772,-0.1197775,0.0567075,-0.0274772,-0.1197775,0.0567075,0.882,0.850439603684273,0.908948322827213
"N(0,1)","N(0,1)","MTS DGP","MTS PAM","Medium","Progression Interaction","Full Model",0,0.000647,-0.082605,0.0861575,0.000647,-0.082605,0.0861575,0.954,0.931774572118762,0.970619824607597
"N(0,1)","N(0,1)","MTS DGP","MTS PAM","Small","Onset","$x_1$-only Model",0.2,0.1969868,0.1438475,0.2481075,-0.00301320000000001,-0.0561525,0.0481074999999999,0.924,0.897174417885006,0.945659218756088
"N(0,1)","N(0,1)","MTS DGP","MTS PAM","Small","Onset","Full Model",0.2,0.1984728,0.1530475,0.244005,-0.00152720000000001,-0.0469525,0.044005,0.956,0.934138999676405,0.972223232714428
"N(0,1)","N(0,1)","MTS DGP","MTS PAM","Small","Progression","$x_1$-only Model",0.2,0.196747,0.1287475,0.264925,-0.00325300000000001,-0.0712525,0.064925,0.952,0.92941920374267,0.969006831206495
"N(0,1)","N(0,1)","MTS DGP","MTS PAM","Small","Progression","Full Model",0.2,0.201859,0.1402475,0.26702,0.00185899999999999,-0.0597525,0.06702,0.97,0.951001774291181,0.983114015796127
"N(0,1)","N(0,1)","MTS DGP","MTS PAM","Small","Progression Interaction","$x_1$-only Model",0,-0.0002404,-0.0873675,0.08761,-0.0002404,-0.0873675,0.08761,0.94,0.9154514462924,0.959155818237223
"N(0,1)","N(0,1)","MTS DGP","MTS PAM","Small","Progression Interaction","Full Model",0,0.0033886,-0.07382,0.0912999999999998,0.0033886,-0.07382,0.0912999999999998,0.96,0.938897390611755,0.975398687914455
"N(0,1)","N(0,1)","MTS DGP","MTS PAM",NA,"Onset","$x_1$-only Model",1,0.634442333333333,0.4265425,0.809305,-0.132224333333333,-0.2681525,0.000652500000000025,0.231333333333333,0.210202844590001,0.253520913022585
"N(0,1)","N(0,1)","MTS DGP","MTS PAM",NA,"Onset","Full Model",1,0.7667526,0.4632,1.038405,8.59333333333184e-05,-0.0528525,0.0522049999999999,0.951333333333333,0.939195139439147,0.961662119030306
"N(0,1)","N(0,1)","MTS DGP","MTS PAM",NA,"Progression","$x_1$-only Model",1,0.504435266666667,0.369595,0.63115,-0.2622314,-0.4881,-0.0353175000000002,0.116666666666667,0.100850210222969,0.134000771704245
"N(0,1)","N(0,1)","MTS DGP","MTS PAM",NA,"Progression","Full Model",1,0.762889866666667,0.453135,1.063105,-0.00377680000000002,-0.0831725,0.0757525,0.95,0.937724987127211,0.960471811370594
"N(0,1)","N(0,1)","MTS DGP","MTS PAM",NA,"Progression Interaction","$x_1$-only Model",0,-0.1300064,-0.27477,0.0181624999999999,-0.1300064,-0.27477,0.0181624999999999,0.309333333333333,0.286001159627327,0.333414388516165
"N(0,1)","N(0,1)","MTS DGP","MTS PAM",NA,"Progression Interaction","Full Model",0,-0.00386253333333333,-0.09541,0.087105,-0.00386253333333333,-0.09541,0.087105,0.952,0.939931043021649,0.96225642998953
"N(0,1)","N(0,1)","MTS DGP","STSS PAM","Large","Onset","$x_1$-only Model",0.6,0.5377356,0.489895,0.58694,-0.0622644,-0.110105,-0.01306,0.284,0.244851925382384,0.325723999714724
"N(0,1)","N(0,1)","MTS DGP","STSS PAM","Large","Onset","Full Model",0.6,0.600175,0.5451,0.649835,0.000175000000000025,-0.0548999999999999,0.049835,0.938,0.913147402520899,0.957488938703615
"N(0,1)","N(0,1)","MTS DGP","STSS PAM","Large","Progression","$x_1$-only Model",0.6,0.4813856,0.3951025,0.5642125,-0.1186144,-0.2048975,-0.0357875,0.202,0.167657871250491,0.239909672819649
"N(0,1)","N(0,1)","MTS DGP","STSS PAM","Large","Progression","Full Model",0.6,0.5994604,0.5152425,0.6831525,-0.000539599999999978,-0.0847575,0.0831525000000001,0.956,0.934138999676405,0.972223232714428
"N(0,1)","N(0,1)","MTS DGP","STSS PAM","Large","Progression Interaction","$x_1$-only Model",0,-0.0563488,-0.1496725,0.03831,-0.0563488,-0.1496725,0.03831,0.802,0.76432736469299,0.836056252427579
"N(0,1)","N(0,1)","MTS DGP","STSS PAM","Large","Progression Interaction","Full Model",0,-0.0007138,-0.1063575,0.10114,-0.0007138,-0.1063575,0.10114,0.928,0.901712562663143,0.949065666874867
"N(0,1)","N(0,1)","MTS DGP","STSS PAM","Medium","Onset","$x_1$-only Model",0.4,0.3804366,0.3337125,0.427405,-0.0195634,-0.0662875,0.027405,0.884,0.852634261875208,0.910728044746141
"N(0,1)","N(0,1)","MTS DGP","STSS PAM","Medium","Onset","Full Model",0.4,0.399941,0.3504425,0.4489525,-5.90000000000229e-05,-0.0495575,0.0489525,0.954,0.931774572118762,0.970619824607597
"N(0,1)","N(0,1)","MTS DGP","STSS PAM","Medium","Progression","$x_1$-only Model",0.4,0.356449,0.281005,0.4236725,-0.043551,-0.118995,0.0236725,0.778,0.738983188306295,0.813692654013584
"N(0,1)","N(0,1)","MTS DGP","STSS PAM","Medium","Progression","Full Model",0.4,0.4008154,0.3335425,0.46791,0.000815399999999979,-0.0664575,0.06791,0.958,0.936513059467081,0.973816423223853
"N(0,1)","N(0,1)","MTS DGP","STSS PAM","Medium","Progression Interaction","$x_1$-only Model",0,-0.0239914,-0.1088875,0.0560424999999999,-0.0239914,-0.1088875,0.0560424999999999,0.916,0.888151698754588,0.938790941391652
"N(0,1)","N(0,1)","MTS DGP","STSS PAM","Medium","Progression Interaction","Full Model",0,0.0008774,-0.091135,0.0901825,0.0008774,-0.091135,0.0901825,0.932,0.906270353192629,0.952451753367345
"N(0,1)","N(0,1)","MTS DGP","STSS PAM","Small","Onset","$x_1$-only Model",0.2,0.1972334,0.1533475,0.2492675,-0.00276660000000001,-0.0466525,0.0492675,0.952,0.92941920374267,0.969006831206495
"N(0,1)","N(0,1)","MTS DGP","STSS PAM","Small","Onset","Full Model",0.2,0.1998068,0.14747,0.25007,-0.000193200000000011,-0.05253,0.0500699999999999,0.938,0.913147402520899,0.957488938703615
"N(0,1)","N(0,1)","MTS DGP","STSS PAM","Small","Progression","$x_1$-only Model",0.2,0.1951434,0.1259325,0.2693925,-0.00485660000000001,-0.0740675,0.0693925,0.934,0.908557101389134,0.954136642889412
"N(0,1)","N(0,1)","MTS DGP","STSS PAM","Small","Progression","Full Model",0.2,0.2012594,0.12358,0.27256,0.00125939999999999,-0.07642,0.0725599999999998,0.934,0.908557101389134,0.954136642889412
"N(0,1)","N(0,1)","MTS DGP","STSS PAM","Small","Progression Interaction","$x_1$-only Model",0,-0.0020928,-0.0821075,0.0843825,-0.0020928,-0.0821075,0.0843825,0.952,0.92941920374267,0.969006831206495
"N(0,1)","N(0,1)","MTS DGP","STSS PAM","Small","Progression Interaction","Full Model",0,0.0014548,-0.085815,0.0952949999999999,0.0014548,-0.085815,0.0952949999999999,0.932,0.906270353192629,0.952451753367345
"N(0,1)","N(0,1)","MTS DGP","STSS PAM",NA,"Onset","$x_1$-only Model",1,0.634349866666667,0.4259425,0.806405,-0.1323168,-0.2636,0.000252499999999959,0.226,0.205054148307247,0.248024104045783
"N(0,1)","N(0,1)","MTS DGP","STSS PAM",NA,"Onset","Full Model",1,0.767306266666667,0.463995,1.0426525,0.000639599999999985,-0.046805,0.0542299999999998,0.955333333333333,0.943619282333513,0.965219094106409
"N(0,1)","N(0,1)","MTS DGP","STSS PAM",NA,"Progression","$x_1$-only Model",1,0.498457266666667,0.3671,0.618105,-0.2682094,-0.49671,-0.0312075000000002,0.112,0.0964787167691946,0.129058119175208
"N(0,1)","N(0,1)","MTS DGP","STSS PAM",NA,"Progression","Full Model",1,0.761484466666667,0.444995,1.064105,-0.00518220000000001,-0.0830524999999999,0.0788674999999999,0.949333333333333,0.936990717693949,0.959875836039791
"N(0,1)","N(0,1)","MTS DGP","STSS PAM",NA,"Progression Interaction","$x_1$-only Model",0,-0.1358936,-0.278105,0.0191575,-0.1358936,-0.278105,0.0191575,0.279333333333333,0.256744677294545,0.302789179150184
"N(0,1)","N(0,1)","MTS DGP","STSS PAM",NA,"Progression Interaction","Full Model",0,-0.00582006666666667,-0.103905,0.0913349999999998,-0.00582006666666667,-0.103905,0.0913349999999998,0.938666666666667,0.92530790088617,0.950273628603373
"N(0,1)","N(0,1)","STSS DGP","MTS PAM","Large","Onset","$x_1$-only Model",0.6,0.536612,0.488995,0.5905575,-0.063388,-0.111005,-0.00944249999999996,0.29,0.250569573049774,0.331934308481464
"N(0,1)","N(0,1)","STSS DGP","MTS PAM","Large","Onset","Full Model",0.6,0.5994628,0.553175,0.646705,-0.000537199999999978,-0.046825,0.046705,0.964,0.943699823798209,0.978527143413907
"N(0,1)","N(0,1)","STSS DGP","MTS PAM","Large","Progression","$x_1$-only Model",0.6,0.5385306,0.420095,0.662155,-0.0614694,-0.179905,0.062155,0.776,0.736879316756679,0.811820797499286
"N(0,1)","N(0,1)","STSS DGP","MTS PAM","Large","Progression","Full Model",0.6,0.6448862,0.513885,0.7554625,0.0448862,-0.086115,0.1554625,0.868,0.83514568815577,0.896420181029309
"N(0,1)","N(0,1)","STSS DGP","MTS PAM","Large","Progression Interaction","$x_1$-only Model",0,0.0019196,-0.13821,0.134725,0.0019196,-0.13821,0.134725,0.922,0.894912273569934,0.94394882622444
"N(0,1)","N(0,1)","STSS DGP","MTS PAM","Large","Progression Interaction","Full Model",0,0.0454222,-0.102325,0.175625,0.0454222,-0.102325,0.175625,0.872,0.839503609048341,0.900011649632411
"N(0,1)","N(0,1)","STSS DGP","MTS PAM","Medium","Onset","$x_1$-only Model",0.4,0.3818556,0.33348,0.430455,-0.0181444,-0.06652,0.0304549999999999,0.89,0.859234155226856,0.916050944593145
"N(0,1)","N(0,1)","STSS DGP","MTS PAM","Medium","Onset","Full Model",0.4,0.3987202,0.3464375,0.4488575,-0.00127980000000002,-0.0535625,0.0488575,0.942,0.917761779106165,0.960816131202812
"N(0,1)","N(0,1)","STSS DGP","MTS PAM","Medium","Progression","$x_1$-only Model",0.4,0.392361,0.27923,0.48982,-0.00763900000000002,-0.12077,0.08982,0.912,0.883664829336834,0.935331542458942
"N(0,1)","N(0,1)","STSS DGP","MTS PAM","Medium","Progression","Full Model",0.4,0.4317744,0.319185,0.5345,0.0317744,-0.080815,0.1345,0.834,0.798432187973118,0.865558248852999
"N(0,1)","N(0,1)","STSS DGP","MTS PAM","Medium","Progression Interaction","$x_1$-only Model",0,0.010506,-0.10775,0.1222375,0.010506,-0.10775,0.1222375,0.908,0.879192967389257,0.931856695843346
"N(0,1)","N(0,1)","STSS DGP","MTS PAM","Medium","Progression Interaction","Full Model",0,0.0330548,-0.08682,0.1512575,0.0330548,-0.08682,0.1512575,0.896,0.865859251577519,0.921348064725366
"N(0,1)","N(0,1)","STSS DGP","MTS PAM","Small","Onset","$x_1$-only Model",0.2,0.1966368,0.14608,0.24773,-0.00336320000000001,-0.05392,0.04773,0.94,0.9154514462924,0.959155818237223
"N(0,1)","N(0,1)","STSS DGP","MTS PAM","Small","Onset","Full Model",0.2,0.1989616,0.14719,0.25001,-0.00103840000000001,-0.05281,0.05001,0.942,0.917761779106165,0.960816131202812
"N(0,1)","N(0,1)","STSS DGP","MTS PAM","Small","Progression","$x_1$-only Model",0.2,0.2076646,0.09787,0.3141575,0.00766459999999999,-0.10213,0.1141575,0.916,0.888151698754588,0.938790941391652
"N(0,1)","N(0,1)","STSS DGP","MTS PAM","Small","Progression","Full Model",0.2,0.2136858,0.1024575,0.3204725,0.0136858,-0.0975425,0.1204725,0.922,0.894912273569934,0.94394882622444
"N(0,1)","N(0,1)","STSS DGP","MTS PAM","Small","Progression Interaction","$x_1$-only Model",0,0.0110308,-0.1067925,0.1253575,0.0110308,-0.1067925,0.1253575,0.924,0.897174417885006,0.945659218756088
"N(0,1)","N(0,1)","STSS DGP","MTS PAM","Small","Progression Interaction","Full Model",0,0.0147238,-0.099525,0.124,0.0147238,-0.099525,0.124,0.944,0.92007869939564,0.962469555524978
"N(0,1)","N(0,1)","STSS DGP","MTS PAM",NA,"Onset","$x_1$-only Model",1,0.633061133333333,0.429295,0.808805,-0.133605533333333,-0.268605,-0.000900000000000012,0.234,0.21277899858603,0.256267517029539
"N(0,1)","N(0,1)","STSS DGP","MTS PAM",NA,"Onset","Full Model",1,0.760601266666667,0.4649,1.028315,-0.00606540000000002,-0.0560525,0.0456,0.943333333333333,0.930404813357736,0.954489146073794
"N(0,1)","N(0,1)","STSS DGP","MTS PAM",NA,"Progression","$x_1$-only Model",1,0.568886,0.39578,0.72471,-0.197780666666667,-0.4270575,0.0295749999999996,0.286,0.263235639088004,0.309605239170408
"N(0,1)","N(0,1)","STSS DGP","MTS PAM",NA,"Progression","Full Model",1,0.826880133333333,0.46278,1.1644725,0.0602134666666667,-0.0456,0.17181,0.720666666666667,0.697210820849816,0.743255322705455
"N(0,1)","N(0,1)","STSS DGP","MTS PAM",NA,"Progression Interaction","$x_1$-only Model",0,-0.0641754666666667,-0.2080525,0.0780199999999999,-0.0641754666666667,-0.2080525,0.0780199999999999,0.664666666666667,0.640137266906793,0.688549552334839
"N(0,1)","N(0,1)","STSS DGP","MTS PAM",NA,"Progression Interaction","Full Model",0,0.0662798666666667,-0.0511725,0.1897575,0.0662798666666667,-0.0511725,0.1897575,0.745333333333333,0.722485345772201,0.767216654646291
"N(0,1)","N(0,1)","STSS DGP","STSS PAM","Large","Onset","$x_1$-only Model",0.6,0.5386914,0.4860325,0.587045,-0.0613086,-0.1139675,-0.0129550000000001,0.324,0.283124416717629,0.366972078601817
"N(0,1)","N(0,1)","STSS DGP","STSS PAM","Large","Onset","Full Model",0.6,0.600058,0.5519,0.64843,5.80000000000218e-05,-0.0481,0.04843,0.962,0.941292709536771,0.976969229193752
"N(0,1)","N(0,1)","STSS DGP","STSS PAM","Large","Progression","$x_1$-only Model",0.6,0.5044856,0.38879,0.6085525,-0.0955144,-0.21121,0.00855250000000005,0.61,0.565699562262906,0.652991740031252
"N(0,1)","N(0,1)","STSS DGP","STSS PAM","Large","Progression","Full Model",0.6,0.5980254,0.477685,0.7277575,-0.00197459999999998,-0.122315,0.1277575,0.928,0.901712562663143,0.949065666874867
"N(0,1)","N(0,1)","STSS DGP","STSS PAM","Large","Progression Interaction","$x_1$-only Model",0,-0.0342034,-0.1590725,0.085505,-0.0342034,-0.1590725,0.085505,0.918,0.890401056889037,0.940514536264412
"N(0,1)","N(0,1)","STSS DGP","STSS PAM","Large","Progression Interaction","Full Model",0,-0.0020306,-0.1336525,0.12413,-0.0020306,-0.1336525,0.12413,0.948,0.924733628969378,0.965754301917232
"N(0,1)","N(0,1)","STSS DGP","STSS PAM","Medium","Onset","$x_1$-only Model",0.4,0.3809288,0.3264775,0.43331,-0.0190712,-0.0735225,0.03331,0.884,0.852634261875208,0.910728044746141
"N(0,1)","N(0,1)","STSS DGP","STSS PAM","Medium","Onset","Full Model",0.4,0.4012718,0.3530325,0.45104,0.00127179999999998,-0.0469675,0.0510399999999999,0.952,0.92941920374267,0.969006831206495
"N(0,1)","N(0,1)","STSS DGP","STSS PAM","Medium","Progression","$x_1$-only Model",0.4,0.3647862,0.2763475,0.457545,-0.0352138,-0.1236525,0.0575449999999999,0.9,0.870290914337797,0.924864184933574
"N(0,1)","N(0,1)","STSS DGP","STSS PAM","Medium","Progression","Full Model",0.4,0.4019698,0.3000775,0.5028675,0.00196979999999998,-0.0999225,0.1028675,0.932,0.906270353192629,0.952451753367345
"N(0,1)","N(0,1)","STSS DGP","STSS PAM","Medium","Progression Interaction","$x_1$-only Model",0,-0.0161442,-0.120845,0.0925949999999999,-0.0161442,-0.120845,0.0925949999999999,0.942,0.917761779106165,0.960816131202812
"N(0,1)","N(0,1)","STSS DGP","STSS PAM","Medium","Progression Interaction","Full Model",0,0.0006936,-0.11524,0.1068575,0.0006936,-0.11524,0.1068575,0.938,0.913147402520899,0.957488938703615
"N(0,1)","N(0,1)","STSS DGP","STSS PAM","Small","Onset","$x_1$-only Model",0.2,0.1985214,0.1543475,0.2442,-0.00147860000000001,-0.0456525,0.0442,0.966,0.946119649263923,0.980071399953794
"N(0,1)","N(0,1)","STSS DGP","STSS PAM","Small","Onset","Full Model",0.2,0.1993034,0.1514925,0.248735,-0.000696600000000011,-0.0485075,0.048735,0.95,0.927072378349521,0.96738481985067
"N(0,1)","N(0,1)","STSS DGP","STSS PAM","Small","Progression","$x_1$-only Model",0.2,0.1945256,0.095065,0.2845,-0.00547440000000001,-0.104935,0.0845,0.954,0.931774572118762,0.970619824607597
"N(0,1)","N(0,1)","STSS DGP","STSS PAM","Small","Progression","Full Model",0.2,0.1979278,0.1024,0.2977975,-0.00207220000000001,-0.0976,0.0977974999999999,0.944,0.92007869939564,0.962469555524978
"N(0,1)","N(0,1)","STSS DGP","STSS PAM","Small","Progression Interaction","$x_1$-only Model",0,-0.003996,-0.11355,0.107815,-0.003996,-0.11355,0.107815,0.948,0.924733628969378,0.965754301917232
"N(0,1)","N(0,1)","STSS DGP","STSS PAM","Small","Progression Interaction","Full Model",0,-0.001374,-0.1063175,0.1159175,-0.001374,-0.1063175,0.1159175,0.946,0.922402531505063,0.964115740278066
"N(0,1)","N(0,1)","STSS DGP","STSS PAM",NA,"Onset","$x_1$-only Model",1,0.634168333333333,0.4300475,0.80921,-0.132498333333333,-0.26831,-0.00123750000000007,0.232666666666667,0.211490772617115,0.254894363560309
"N(0,1)","N(0,1)","STSS DGP","STSS PAM",NA,"Onset","Full Model",1,0.7665444,0.4629425,1.0398,-0.000122266666666682,-0.0518525,0.0512099999999999,0.952666666666667,0.94066751261291,0.962850164173248
"N(0,1)","N(0,1)","STSS DGP","STSS PAM",NA,"Progression","$x_1$-only Model",1,0.526988266666667,0.3622475,0.670305,-0.2396784,-0.4653,-0.00144250000000005,0.224,0.203124647967889,0.245961543748859
"N(0,1)","N(0,1)","STSS DGP","STSS PAM",NA,"Progression","Full Model",1,0.765859666666667,0.436085,1.0791725,-0.000807000000000016,-0.090815,0.0947724999999999,0.953333333333333,0.9414045594734,0.963443309946381
"N(0,1)","N(0,1)","STSS DGP","STSS PAM",NA,"Progression Interaction","$x_1$-only Model",0,-0.107179333333333,-0.25312,0.0393575,-0.107179333333333,-0.25312,0.0393575,0.436,0.410718010236006,0.461533050999361
"N(0,1)","N(0,1)","STSS DGP","STSS PAM",NA,"Progression Interaction","Full Model",0,-0.000683866666666667,-0.109125,0.107705,-0.000683866666666667,-0.109125,0.107705,0.948,0.935523742995106,0.958682293207839
